agent_id,name,email,agency,region,phone_number
19,Brian Wright,jasonhendricks@example.org,D,Kansas,884-734-9014
55,Richard Walker,rhill@example.com,C,Idaho,910.569.4022x55571
51,Luke Jackson,ericamorris@example.com,C,Mississippi,001-961-291-9021x65703
56,Thomas Ryan,millerjohn@example.com,D,Alaska,314-676-0933x779
76,Bruce Mcguire,vanessaobrien@example.com,B,Maine,589.302.6404
24,William Rosario,jason69@example.com,A,Missouri,(818)363-2747x093
79,Kevin Green,michael67@example.com,B,Alabama,001-799-775-4818
61,Brian Williams,johnsonmorgan@example.net,A,Wisconsin,(401)847-9754
77,Timothy Sharp,mandymorales@example.net,B,North Dakota,+1-992-297-9507x778
64,Robert Garcia,cschneider@example.org,A,Arkansas,7436904369
35,Kevin Thomas,justinweiss@example.net,C,West Virginia,001-423-274-7653
34,Darius Meyers,ostone@example.com,A,Missouri,874.802.9008x575
42,Dr. Douglas Greene,daniellejohnson@example.com,C,Idaho,+1-903-213-9581x5258
57,Mark Brown,tanya37@example.org,A,Tennessee,4275829099
51,Donald Rivera,alvarezjulie@example.net,A,Mississippi,963.502.6203x33438
49,Daniel Chandler,john38@example.org,B,Kentucky,5456763738
59,Jaime Nelson,williamschneider@example.com,B,Montana,5968372562
74,Willie Thomas,jason44@example.net,A,Pennsylvania,701-343-3529
25,Brian Yang,billy37@example.com,C,Idaho,001-960-778-7473x863
65,Ryan Sanchez,ihenderson@example.net,D,Alabama,001-419-761-1969
44,Robert Clarke,steven09@example.net,A,Virginia,858.741.2194x106
27,Robert Rodgers,wilsonbonnie@example.org,A,Texas,(812)478-5685x851
78,Chad Ramirez,markjones@example.com,B,North Carolina,4822086463
40,Juan Morales,jennifer16@example.net,A,Delaware,(564)757-4957x996
42,Eric Baker,saundersjay@example.com,A,Colorado,-7268
66,Cole Lamb,stephenhoward@example.org,D,Maryland,271.689.2190x4101
46,Julian Flores,davidfisher@example.org,A,South Dakota,001-834-431-1864x260
78,Joseph Perez,zhorton@example.com,D,New Jersey,-6130
47,Jason Hoffman,tanyadelacruz@example.com,A,Illinois,+1-815-703-2277x293
37,Javier Martinez,pamelareid@example.org,D,Utah,(441)669-0087x03979
50,Adam Fisher,michelle82@example.net,D,Virginia,(590)372-7509
51,Nicholas Jones,herickson@example.org,B,Kansas,+1-649-236-2816x0451
57,Jack Kent,matthew32@example.net,A,Colorado,5098362188
76,Peter Terry,nicole76@example.org,B,New Jersey,6279787144
33,Garrett Henderson,melissajohnston@example.net,A,Wisconsin,001-642-266-7972x736
35,Tom Allen,alexandermurray@example.net,B,South Dakota,332-401-0451x59721
30,Mr. Theodore Hendricks,gina96@example.com,C,Nebraska,001-910-451-4607x360
57,James Tyler,simmonstimothy@example.org,C,Nebraska,001-265-464-5895
28,David Guzman,jscott@example.com,A,Pennsylvania,747-704-0796x657
59,Martin Newton,alexanderwilliams@example.com,A,New Jersey,443.714.1566x10138
19,Albert Larson,dorothy56@example.net,D,North Carolina,972-275-1887x47891
36,Mr. Daniel Allen,vruiz@example.com,C,Kansas,371.266.4883
79,Robert Wheeler,david37@example.org,B,Virginia,575-714-9151x9919
63,Juan Davis,orichardson@example.net,B,Maine,586-950-3125
73,David Harvey,obennett@example.net,A,Michigan,001-951-247-7504x6849
71,Daniel Gardner,amanda31@example.org,B,Ohio,311.417.2240
42,Angel Yates Jr.,dunnkathleen@example.net,C,Colorado,928.864.3520
50,Bradley Pena,julie86@example.net,B,Wisconsin,590-422-0607
63,Bobby Randolph DDS,melissa22@example.org,E,Michigan,388.980.7402
62,Patrick George,yoconnor@example.org,A,California,+1-692-976-3240x9259
50,Brian Hernandez,rosselizabeth@example.com,B,Connecticut,001-926-624-5786
37,Christopher Moreno,webbpaul@example.com,D,Colorado,+1-316-915-2078x679
20,Anthony Powell,archerevan@example.com,C,Rhode Island,245.934.2695x4305
32,Bradley Hodges,oschultz@example.org,B,Tennessee,7902270928
78,Ronald Smith,edillon@example.net,A,North Carolina,+1-725-632-7765x30959
28,Xavier Cruz,mmorgan@example.com,B,North Carolina,001-891-692-3916x8635
30,Justin Coleman,diane53@example.com,C,New Jersey,-9011
30,Tanner Fox,emilywalker@example.com,C,Ohio,(650)236-6928
56,Dillon Booth,gabrielle65@example.net,A,New Mexico,(399)647-1278x765
47,Eddie Hill,michaelmartinez@example.com,B,California,(350)695-0646x9065
23,Thomas Figueroa,tdiaz@example.org,C,New Jersey,+1-731-552-6319x745
36,Jacob Wyatt,webbjoy@example.org,A,Maryland,5078238079
32,Barry Anderson,kennethgraham@example.com,C,Minnesota,001-958-574-9077x9276
33,Gregory Wong,brendanlopez@example.net,B,Rhode Island,(734)770-9596x63977
19,Micheal Pineda,cgreene@example.net,B,Delaware,252.274.9254x61646
28,Evan Burton,ewebb@example.org,B,Louisiana,297.680.8877x67756
65,Wesley Pittman,tina86@example.com,C,New Mexico,(330)239-7607
46,Christopher Hudson,ethanramos@example.org,B,Rhode Island,(460)435-2327x58793
51,Wesley Clark,pschmidt@example.com,B,Tennessee,(779)733-2855x485
44,Peter Johnson,hsmith@example.org,A,Maryland,9357789991
33,Geoffrey White,pacematthew@example.net,D,Minnesota,(493)393-6849
45,Gabriel Bates,allenfelicia@example.com,A,Georgia,4626894633
59,Phillip Rivera,josephoconnor@example.net,A,New Mexico,(526)854-4384x28286
47,William Burnett,dawn83@example.net,A,Pennsylvania,501.897.5461
44,Tyler Johnston,luismoreno@example.org,D,Kansas,4684637923
28,Grant Lara,uwood@example.com,C,New Hampshire,(519)920-4238x265
73,Chris Thompson,greersandra@example.net,E,Texas,+1-547-826-2628x45754
50,Jared Perez,yvonnegreene@example.org,A,Florida,678-421-2604x4498
51,Alexander Johnson,dhudson@example.net,A,Pennsylvania,936-695-5808x930
72,William Obrien,christopher53@example.net,A,Arkansas,+1-465-841-7691x131
64,Richard Conrad,elizabeth17@example.org,B,New Mexico,681-252-5493x21062
78,Joshua Yates,rhonda50@example.com,B,Kentucky,705.579.2249x52177
21,Robert Swanson,vfox@example.com,A,Arkansas,414.247.7277x002
53,Christian Roman,cooperthomas@example.com,D,Pennsylvania,651-302-9938x06696
32,Victor Rodriguez,medinamonica@example.org,A,Virginia,365.973.4135
49,Zachary Carr,john83@example.org,A,Missouri,(310)609-0771x51196
72,Ryan Bray,nicole77@example.com,C,New Hampshire,+1-610-969-1654x6395
55,Walter Edwards,kayla42@example.net,A,North Dakota,(558)346-0603
29,Donald Finley,grantcharles@example.org,D,Indiana,(581)918-3247
73,Jeff Oliver,martha03@example.com,A,Georgia,999.379.4432x528
22,Mr. James Williams,cdaniels@example.org,A,Massachusetts,262-464-1459
79,Ryan Glass,sheltonangela@example.org,A,New Mexico,(671)345-1195
24,Bryan Brooks,travis15@example.com,C,Kansas,814.371.0715x19949
56,Robert Rodriguez,michaelwalls@example.org,B,Hawaii,+1-669-585-1763x396
69,Daniel Morton,spencesarah@example.org,C,Arkansas,376.509.8921
34,Randy Morton,luisbuchanan@example.com,C,Mississippi,001-718-673-5787
28,Connor Sloan,singletontiffany@example.net,B,Pennsylvania,839-284-6245
41,James Wright,cmckee@example.com,B,New Jersey,9803075766
75,Jerry Austin,mcole@example.com,B,Hawaii,(502)234-0092
60,John Woods,rushjohn@example.net,A,Vermont,644.765.2964x360
29,Ruben Bell,hernandezchristopher@example.org,C,Florida,252-289-9178x987
80,Kyle Burns,melissahurst@example.com,B,Georgia,687.965.7479
24,Tyler Anderson,shawnriley@example.org,D,Arizona,(206)745-4730x56252
45,Daniel King,zboyd@example.net,A,Minnesota,001-520-869-4963
79,Billy Lucero,rodriguezmary@example.org,C,New Hampshire,809-731-5625x921
52,Joseph Morales,maurice18@example.org,B,Wisconsin,(304)506-3641
28,Scott Vang,harry74@example.org,D,West Virginia,721-607-7924x02692
38,Justin Hall,ylopez@example.com,B,California,457.944.3856x765
20,Matthew Fisher,baileyeverett@example.net,B,Kentucky,-5806
61,Ralph Ayers,francodonna@example.org,A,Mississippi,472-208-5013x007
36,Richard Hernandez,kathryn40@example.com,A,Maryland,+1-540-294-8278x5969
20,Gary Lopez,williamchen@example.com,C,Illinois,443-918-1539x188
46,Cody Holland,campbellamber@example.org,A,Oregon,215-842-8827x8340
63,Michael Bryant,nancyoliver@example.com,A,New Hampshire,665.829.6880x19586
50,Charles Thompson,hjohnston@example.com,B,New Mexico,(731)739-0851x085
41,Kyle Curtis,nealalex@example.net,A,Michigan,2162521691
59,Joshua Schultz,xhall@example.org,B,Montana,665-408-1350x677
36,David Maldonado,klynch@example.net,E,South Dakota,469.259.5549
40,Jimmy Robinson,howarddavid@example.com,A,Alabama,(587)695-2232x69696
21,James Bishop,bschwartz@example.net,D,Arizona,(415)325-7165x898
78,Brendan Cooper,derrick59@example.org,E,Oklahoma,243-684-9473x014
23,George Guerrero,michelle90@example.net,D,Hawaii,882-514-1903x3115
80,Terry Morgan,lmorris@example.org,A,Nebraska,(619)657-4450x2653
46,Daniel Mcdowell,andrewshields@example.net,C,Indiana,001-242-751-9699x7846
79,Mark Thomas,vmiller@example.net,A,Missouri,+1-703-224-9098x98200
32,John Pennington,jaredhorn@example.net,B,Mississippi,001-999-405-4515x48450
68,Benjamin Duran,travisguerrero@example.com,A,Wyoming,(976)481-4526x14633
70,Bryan White,amberyoung@example.org,B,New Jersey,-4726
65,William Miles,saramorgan@example.net,B,Kentucky,+1-632-566-9676x4983
55,Tyler Hunter,gsharp@example.org,B,Mississippi,(388)518-5034x2137
46,Christian Price,lori84@example.org,C,Ohio,342.281.4390x75960
43,Nathan Simpson,browncandace@example.com,A,Arkansas,751-664-3680x44423
60,Christopher Fox,kingjasmin@example.org,B,Oregon,+1-487-248-4625x5244
75,Christopher Wolf,james35@example.net,D,Arizona,001-697-475-7999x02302
30,Michael Floyd,umcgee@example.net,C,Mississippi,+1-618-713-8054x31601
52,James Taylor,mary73@example.org,A,Hawaii,(584)914-6725x954
75,Kyle Holland,scoffey@example.net,B,Iowa,6818376818
71,Vincent Paul,schultzdavid@example.org,A,Kentucky,502-985-3757
32,Shawn Thomas,bennettlori@example.net,D,Delaware,9802527279
56,Anthony Rose,ashley47@example.org,A,Nebraska,711-885-6582
25,Ricky Wilkinson,andrew51@example.net,A,Ohio,999-789-0336x622
30,Brandon Bullock,kristina76@example.org,C,Indiana,001-649-652-9121
80,Scott Black,christinesmith@example.com,E,New Hampshire,+1-203-298-4671x35286
31,James Tucker,kramirez@example.org,D,Arkansas,001-797-632-4292x6066
53,Jonathan Martinez,martineztimothy@example.org,B,South Carolina,763.888.6487x777
40,Clinton Whitaker,jrodriguez@example.net,A,Connecticut,647.498.3434
18,George Yates,anthony94@example.com,A,Maine,939.971.7318x4953
37,Steven Evans,bakeremily@example.com,A,Louisiana,001-550-927-3444x0397
38,David Holmes,grahammichael@example.net,C,Alaska,001-362-566-4281x112
36,Jeffrey Johnson,warnermelissa@example.org,B,Rhode Island,965-473-7729
42,Kyle Johnson,william45@example.org,D,Idaho,488-838-0295x473
37,James Martin,scottfloyd@example.com,C,North Carolina,(822)984-0565x708
48,Michael Rodriguez,williegriffith@example.com,A,Nevada,779-705-7931
32,Miguel Moore,iduncan@example.com,B,Nebraska,356-416-0936x2517
37,Justin Johnson,gallaghermichael@example.com,B,Michigan,(770)675-2607
77,Marcus Wyatt,crystal14@example.com,E,Ohio,524-678-6743x37646
68,Adam Walls,sarah50@example.org,B,Maryland,001-832-780-6668x297
79,Michael Santiago PhD,jennifer07@example.org,A,Missouri,001-809-737-0741x6858
50,Nicholas Davis,davismark@example.org,C,South Carolina,958-620-9664x4848
77,Brian Williams,vwilson@example.org,A,Nebraska,001-674-979-0163
72,Benjamin Smith,brandon97@example.net,A,Arkansas,(210)733-6087x1284
77,Ryan Phillips,ericrojas@example.com,B,Hawaii,-4176
58,Bryan Johnston,wesley55@example.com,B,New Hampshire,304.996.1590x016
72,Justin Lane,bperez@example.com,B,New Mexico,001-867-763-0066
30,Craig Rogers,bernard50@example.net,C,North Carolina,-9389
32,Michael Keller,rhondawilson@example.com,B,Pennsylvania,+1-993-608-6830x96157
45,Gerald Lewis,adam35@example.org,B,Connecticut,(323)652-6291
41,Richard Wilson,mendozaedward@example.com,E,Rhode Island,6384746501
76,Richard Hendricks,christine19@example.net,D,California,5735666728
40,James Ramirez,kennethbrown@example.net,B,Connecticut,517.979.1381
24,Steven Mcdaniel,ericgay@example.com,B,California,534-496-9924
41,Jeffrey Anderson,jwheeler@example.com,A,Missouri,659-642-1593x944
55,Scott Little,beth49@example.net,C,Arkansas,724.954.8646x67910
33,Christopher Allen,christopherdaniels@example.org,A,Florida,588-571-9196
38,Brian Hammond,jennifer16@example.net,A,Idaho,(477)724-1509x108
70,Benjamin Vasquez,kmaldonado@example.net,C,Nevada,727-698-1354x943
46,Gregory Perez,melaniekim@example.net,A,Indiana,376.417.6215x991
44,Luis Hunt,johnreynolds@example.net,B,Kansas,001-225-549-7318
72,Dylan Mills,veronicarodriguez@example.com,B,Ohio,5866446699
69,Joshua Khan,ohinton@example.com,C,New Mexico,001-450-465-2411
37,Casey Allen,durhamjohn@example.org,C,Louisiana,768-450-7205
34,Joseph Schwartz,mphillips@example.org,A,Alaska,313-916-0922x00779
54,Jeremy Tate,jessicawells@example.com,D,New Hampshire,(734)401-9780x80434
65,Patrick Ramirez,qthompson@example.net,E,West Virginia,-3118
80,Bradley Lopez,hhorn@example.org,D,Alabama,(775)750-4299
58,Christopher Murray,rhonda79@example.com,A,Missouri,001-804-414-8971x63285
63,Ian Mays,pgolden@example.net,A,Minnesota,316-283-7723x0081
62,Douglas Le,charlesbowers@example.com,A,West Virginia,(876)535-0274
78,Jesus Adams,mooreandrea@example.net,D,Missouri,935-845-9348
55,Michael Carter,diaztracy@example.net,B,West Virginia,767-273-8632x1052
65,Jose Hayes,hernandezdylan@example.org,C,Arkansas,713-926-6754x39037
26,Juan Morrison,greenjennifer@example.com,B,North Carolina,001-452-521-6818x965
24,Mark Herring,maddoxjennifer@example.com,A,West Virginia,989-735-4281x6158
48,Edward Clayton,charles97@example.net,A,Texas,983.958.3394
53,Jose Zuniga,pughlaura@example.net,A,Michigan,732.695.7262x3377
60,Dennis Le,dixonjonathan@example.net,D,Illinois,(521)717-2214
33,William Thompson,bmoore@example.net,C,Washington,+1-537-231-0265x051
38,Andrew Cruz MD,bwall@example.org,A,West Virginia,(817)849-4003
35,Melvin Wise,cindylopez@example.com,A,Utah,001-259-777-3917x5920
68,Dwayne Robbins,elizabethallen@example.org,A,Tennessee,001-946-495-5931
50,Jesse Barrera,hholmes@example.com,D,Oklahoma,930.389.2574x174
18,Miguel Nelson,millerstacy@example.net,A,New Jersey,534.864.9136
79,Douglas Sweeney,fbowman@example.net,C,Colorado,796-685-0822
55,Joshua Campbell,sanchezangela@example.com,A,Louisiana,+1-814-304-1588x727
73,David Myers,joseph94@example.net,B,South Carolina,(518)481-9939
28,Trevor Herrera,timothylawson@example.org,A,Nevada,001-713-200-6938x85754
41,Kenneth White,jade82@example.com,A,Florida,5233532460
77,Robert Garner,anaprice@example.net,C,New Mexico,742.565.1461x5402
56,Kevin Hubbard,ualvarado@example.net,A,Missouri,(221)225-4679
66,Manuel Green,monica49@example.org,A,Florida,(665)645-5180
32,John Rodriguez,paigerichardson@example.net,C,South Dakota,(919)405-5227x853
30,Christopher Edwards,danielcantrell@example.org,D,Wisconsin,565-787-5489x4825
28,Matthew Murphy,garciadana@example.net,E,Pennsylvania,7647577074
33,Walter Alvarado,ptrevino@example.net,D,Rhode Island,711.251.9037x5215
48,Jeremy Wall,nancyharris@example.net,A,Wisconsin,+1-611-870-1591x750
29,Tyler Sullivan,gina81@example.com,B,Washington,001-285-525-6470x9999
41,Aaron Doyle,matthew77@example.org,A,Illinois,639-365-0960x9079
35,Stephen Johnston,jeffrey20@example.org,A,Michigan,(422)962-8997
28,Jason Sanders,grantangela@example.net,A,Maryland,(513)296-4911x832
22,Nicholas Barton,kelly36@example.com,A,Maryland,9654270714
65,Allen Marks,gomezkimberly@example.com,C,Utah,923.958.2871
66,Richard Dixon,cwilkerson@example.com,A,Virginia,4722462005
61,Jerry Skinner,donaldsonjennifer@example.com,B,New Hampshire,413-510-1752x1040
55,Brian Stout,kingashley@example.org,B,Virginia,001-620-363-2739x7875
34,Joshua Parker,paulrangel@example.com,A,Colorado,(908)469-3915
63,Brent Wyatt,williamscameron@example.com,D,New York,+1-241-232-7329x27010
52,Ryan Grant,samuel23@example.com,A,Wyoming,(892)213-1812
18,Edward Kemp,hhouse@example.net,B,Michigan,(338)679-9133
38,David Ortega,karen90@example.com,C,South Dakota,456-929-4912x71482
20,Mark Fernandez,robert45@example.org,E,Washington,+1-602-756-7058x9765
42,Kyle Chandler,orhodes@example.net,D,New Jersey,400.225.2220x21048
43,Edgar Ashley,adamwalton@example.org,D,New York,252-386-0745x0122
46,Steven Carlson,qgross@example.net,D,Georgia,001-335-629-4215x778
53,Eric Mcintyre,valdezrobert@example.net,A,Utah,(229)573-3596x2635
49,Jeffrey Gutierrez,ramirezgail@example.org,C,Florida,001-465-898-9286x5196
44,Juan Mcclure,johncraig@example.com,A,Alabama,(234)332-6190x7111
66,Timothy Griffin,ericlewis@example.net,A,Wyoming,7632870775
27,Rodney Harris,tyronehuffman@example.org,D,Hawaii,615-314-8562x771
80,Frank Buchanan,tammy38@example.net,D,New Mexico,508.444.8934
80,Jeffrey Conrad,kylegordon@example.org,A,North Dakota,879.856.5360x77768
55,Antonio Brown,patty57@example.net,C,Louisiana,(429)722-3731
73,Derek Burke,ramirezlisa@example.net,A,Kentucky,001-829-468-0088x49988
65,Jorge Walton,nkhan@example.org,A,Nebraska,001-449-403-0424x337
26,Daniel Ball,smithanthony@example.org,C,Idaho,864-516-0178x01984
31,Seth Davis,ana28@example.org,D,Wyoming,498-760-3526
55,Jesse Wilson,kortega@example.com,E,Connecticut,+1-908-669-7193x05419
64,Daniel Reese,zsmith@example.com,A,Ohio,+1-566-463-4389x6047
48,Brent Cohen,shawnlara@example.org,C,Kansas,001-463-759-9594x07869
47,Kenneth Perez,bendertina@example.com,C,Washington,(356)545-7474
57,Jared Le,keithmichael@example.com,A,Minnesota,-7792
34,Chad Jimenez,jennifer27@example.com,A,Idaho,727.339.3590x1595
56,Clayton Vaughn,gilljohnny@example.net,E,Florida,533.337.6693x74705
58,Jacob Brown,jknapp@example.com,B,Nevada,001-742-447-4075x472
29,Kevin Mercado,millerkelly@example.com,C,Colorado,+1-344-718-6286x0419
56,Jeffrey Jennings,maria44@example.org,B,Illinois,+1-968-369-2790x9649
42,Kenneth Franklin,susan89@example.net,C,Idaho,843-806-4195x233
63,Joseph Johnson,justin41@example.com,A,Colorado,8655096739
76,David Blackwell,ijackson@example.org,A,Illinois,899.829.4337x3035
61,Christopher Kelly,kcobb@example.com,C,Illinois,(254)444-0897
30,Noah Cox,janicegarcia@example.com,E,Tennessee,8269590213
63,Joseph Buckley,blynn@example.com,D,Minnesota,9606735858
78,Justin Mercado,heatherdavis@example.com,B,North Carolina,(622)380-1301
48,Connor Webster,helen42@example.com,B,Maryland,001-625-669-9730
72,Benjamin Martin,njames@example.com,A,North Carolina,466-340-0939x26049
41,Martin Rodgers,youngscott@example.com,A,Virginia,741-442-0673x2901
44,John Jones,keitheric@example.com,A,Connecticut,844-715-8607x4292
73,Mr. Daniel Gibson,blopez@example.com,B,Nebraska,749-561-0901x743
36,Justin Gregory,cmitchell@example.org,A,New Mexico,885.753.4917x763
54,Aaron Koch,combsdanielle@example.com,C,Wisconsin,+1-260-257-4003x15866
42,Andre Lara,thomaspowell@example.net,A,Utah,+1-313-926-4272x228
44,Jaime Cortez,pearsonevan@example.com,D,Arkansas,5412082376
18,Joseph Casey,brittanyolson@example.net,A,California,(237)482-9398x423
76,Anthony Simmons,ralvarado@example.com,C,Washington,001-385-419-9995x83525
53,Robert Hall,rbautista@example.org,C,Alaska,001-397-311-3821x2985
63,Daniel Brown,knappkara@example.com,A,Montana,452-502-9717x229
20,Kenneth Powell,htorres@example.com,A,Georgia,926-366-1427x315
34,Michael Moss,zvargas@example.net,B,Utah,+1-803-884-1188x486
51,Brett Knox,petersonjonathan@example.net,A,Kansas,(450)432-4063
64,Matthew Guzman,edwardsrachael@example.com,C,Alabama,+1-726-323-5597x26895
44,Anthony Wright,mark83@example.net,A,Iowa,(368)527-4503x412
55,Andrew Hughes,rsanchez@example.net,C,New York,(658)558-7649
34,William Garcia,daniellemartinez@example.net,A,Idaho,-1274
57,Austin Willis,simpsonmichael@example.net,C,South Dakota,482-505-6808x602
72,Jesse Mcclain,casey15@example.org,C,Ohio,638.355.5520x2645
72,Adam Perez,vgarrett@example.net,A,Mississippi,697-282-6693x172
39,Christopher Davies,jasonbeltran@example.org,A,Vermont,001-479-880-2394x55484
63,Evan Miller,sandra59@example.com,B,Minnesota,827.472.2423
36,Darren Thomas,jillbrennan@example.com,B,Tennessee,+1-733-989-8619x3015
73,Michael Moran,sthompson@example.com,B,Kentucky,(346)802-5468x55353
68,Danny Gentry,nnunez@example.org,B,New Mexico,332.376.7925
54,Thomas Fitzgerald,whiteandrea@example.com,C,North Dakota,(567)801-7572x4911
46,Zachary Villarreal,igallegos@example.com,D,Idaho,591-279-7464x216
67,Daniel Myers,nking@example.com,C,Pennsylvania,001-312-218-7623x01821
69,Jacob Jacobs,lopezjoshua@example.org,D,Nebraska,001-565-281-7754x1039
75,Scott Gomez,ryancampbell@example.com,C,New York,(504)797-9069x093
68,Darrell Mosley,michelleortiz@example.com,C,Illinois,3248603488
48,Joshua Wright,zhammond@example.com,B,Oregon,434.837.2290x65457
52,Tyler Long,dlee@example.net,B,Vermont,785-516-7563
74,Robert Rodriguez,paulmoss@example.org,B,Wisconsin,-8483
68,Jeffrey Davidson,juliereid@example.com,A,Texas,728-295-3736x025
65,Michael Bowman,dcontreras@example.org,D,Mississippi,938.815.5525
40,Ricardo Meadows,deannaroberts@example.net,B,West Virginia,314-704-3214x91899
64,Jonathan Mora,jodibaker@example.org,C,Arizona,+1-500-963-8725x280
60,Nicholas Morgan,morrowbrandon@example.com,B,Wyoming,+1-529-670-5086x7534
74,Jared Chandler,odavis@example.net,C,Wisconsin,001-897-924-8319x6355
21,Jim Knox,johnlambert@example.com,C,Montana,(269)975-3646x31768
55,Kenneth Jones,iochoa@example.org,A,California,803-721-1682x48972
39,Jason Ford,john60@example.com,D,New Jersey,622-720-1781
73,Kyle Lopez,benjamin34@example.net,A,Vermont,001-592-634-0094
30,Steven Bartlett,fjohnson@example.com,A,Kentucky,980-309-8784
67,William Palmer,dtaylor@example.net,B,Kentucky,380-816-1990x52530
67,Jason Chang,christianwilkinson@example.com,D,Vermont,208.410.8657
26,Gary Mendez,joangordon@example.net,A,Missouri,(345)519-3695
63,Walter Lam,browningbrian@example.org,C,New Jersey,332.836.8692x85212
46,Joshua Reed,uflynn@example.com,B,Colorado,001-777-537-2728x450
65,Joseph Murphy,zacharywashington@example.org,B,New Hampshire,001-251-356-2857
28,Dr. Jose Moreno,mcalderon@example.org,A,Colorado,001-330-283-4748x3171
36,Ryan Wright,hansenrandy@example.com,B,Oklahoma,541.744.1093x4601
47,Tyler Salazar,penarebecca@example.com,A,Michigan,+1-459-572-4518x4518
37,Michael Tyler,debrareed@example.net,A,Wisconsin,(486)343-9422x88629
30,James Shaffer,debragilbert@example.org,C,Georgia,001-979-673-1302x75375
56,Craig Nguyen,cainmonica@example.net,A,Montana,+1-594-649-4316x75673
30,Michael Blankenship,christopher53@example.com,A,Washington,001-509-869-5273x036
33,Raymond Mclean,deaton@example.com,A,South Dakota,(407)224-4379x3046
52,Jeffrey Graves,mirandajames@example.com,A,California,-4551
75,Aaron Proctor,amandanorton@example.net,C,Iowa,9065745465
59,Brandon Johnson,fcallahan@example.net,A,Wisconsin,(710)768-7108x102
45,Taylor Castro,simmonsamy@example.com,D,Maine,001-838-226-1894x2236
31,William Hess,tylerhood@example.com,A,Pennsylvania,+1-883-574-6816x99115
22,John Holloway,andrea84@example.com,A,Ohio,876.683.5755x922
75,Jay Johnson,smithcheryl@example.org,B,Arizona,444.234.4441x3300
26,Marc Miller,jessica32@example.net,C,Florida,254-615-8365x902
18,Joshua Williams,dannycook@example.org,B,West Virginia,330.346.8895
58,Joel Briggs,danielle09@example.net,C,Indiana,+1-476-836-7704x18781
38,Charles Johnson,lindachambers@example.com,D,Kentucky,(412)706-9977x757
66,Robert Peterson,melissahill@example.com,C,West Virginia,572-206-0382x40731
57,Scott Lopez,keith01@example.com,A,Pennsylvania,+1-932-419-0430x2464
77,Robert Hendrix,sarah28@example.net,A,Tennessee,308-569-8189x490
76,Aaron Kaiser,tiffany93@example.net,C,Texas,001-298-758-2377x868
36,Kenneth Green,john46@example.net,B,Colorado,001-268-961-8647
35,Christopher Howell,matthew08@example.com,D,Wisconsin,633.401.5368
60,Andrew Hudson,angelicaallen@example.com,B,Idaho,681.412.1794x2305
22,Mark Williamson,zwalker@example.net,E,Louisiana,+1-682-918-6900x47792
26,Luis Cunningham,christopher45@example.org,C,California,001-758-476-6270
24,David Velazquez,enorris@example.org,A,Arizona,5545672483
31,John Hayes,pamela13@example.org,C,Wyoming,432-316-7454x8896
22,Gerald Baker,haleydaniel@example.org,A,Montana,+1-391-939-2016x6317
79,Dylan Thomas,carriehicks@example.net,C,Massachusetts,580-909-1921x3277
36,Larry Tapia,kgonzalez@example.org,B,Maryland,551.640.7668
24,Jason Adams,nicole47@example.com,E,Texas,(850)398-4159x34598
73,William Nelson,beardmegan@example.net,B,New Jersey,731.457.6233x375
56,Joseph Daniels,valdezbrian@example.com,D,Oklahoma,(716)803-7465
66,Nicholas Woods,kelleykathryn@example.net,C,Vermont,452.507.2819x90278
45,Adam Avila,wramirez@example.net,E,North Dakota,-5940
53,John Allen,nbradley@example.com,A,West Virginia,001-221-378-7253
73,Joseph Harris,bowenjustin@example.net,B,Alaska,+1-260-657-4621x190
68,Gabriel Cole,john68@example.org,A,Oklahoma,001-347-721-2707x3741
66,Allen Lee,patricia29@example.com,A,New Hampshire,953.239.6477x5467
33,Mr. Timothy Alexander,martindustin@example.net,C,Mississippi,+1-619-921-0520x096
74,Matthew Johnson,lopezcrystal@example.org,A,Florida,734-458-8630x84126
44,Jason Martinez,perezrobert@example.net,B,Alabama,001-507-440-1343x94346
22,Timothy Walker,ricecathy@example.org,A,Illinois,434.229.5553x837
54,Eric Wheeler,pricetyler@example.com,B,Florida,874-456-8598
29,Michael Steele,josephnolan@example.com,C,Massachusetts,798-804-6181x6067
29,Charles Hansen,rowethomas@example.org,C,Idaho,328-862-7330
24,Edward Brown,meaganhumphrey@example.net,C,Rhode Island,+1-781-551-1556x9466
46,Christopher Hudson,barbara51@example.net,B,Nevada,775-638-5816
22,Kenneth Gibbs,gabriella40@example.net,B,Vermont,(264)451-9787
53,Mike Aguirre,robertvillanueva@example.com,A,Delaware,+1-678-434-4588x17362
56,David Davidson,zcollins@example.net,A,Maine,(870)682-3155x43654
75,Michael Carr,wrightmarcus@example.org,B,Idaho,748.995.1180x6020
38,Steven Moore,raymond82@example.org,A,Oregon,3976855876
33,Eric Hall,fergusonmatthew@example.net,B,Massachusetts,+1-591-526-9861x420
73,Brian Ballard,myerschristina@example.org,C,North Dakota,-3079
80,Craig Campbell,wnielsen@example.net,A,South Carolina,512.341.9062
38,Andre Mccormick,estesmichael@example.com,A,New Mexico,001-297-790-1157x18209
36,Bryan Arnold,michael79@example.org,D,Washington,523.993.5308x422
45,Johnny Barnes,deborahsandoval@example.com,C,Virginia,(298)569-3082
63,Jacob Sherman,gloria77@example.com,B,Minnesota,8356514615
41,William Stanton,joneselizabeth@example.net,C,Kansas,+1-432-862-1482x1186
42,Philip Collins,brianferguson@example.net,E,Utah,313-632-3367x28417
48,Henry Romero,walkerolivia@example.net,B,South Carolina,895.945.6818x36651
64,Adrian Orozco,vanessaguzman@example.org,C,Nebraska,001-563-944-5843x650
21,Brian Hicks,victoria02@example.net,D,Vermont,468-271-7449x637
65,Daniel Ball,garrettbrianna@example.com,E,Missouri,(776)400-8390x146
69,Mark Wolfe,petersenjohn@example.net,D,Louisiana,7437853032
21,Ryan Hodges,rosariocandace@example.org,D,Minnesota,774-423-5316x7383
57,Christopher Salazar,mcintoshcheryl@example.net,A,Virginia,(957)611-4344x87336
37,Keith Robinson,grichardson@example.net,C,Nevada,930-282-0089
18,John Barrera,staffordjason@example.com,B,Missouri,(835)887-9767
60,Kenneth Thompson,michaelhenry@example.com,A,Florida,246-852-2873
78,Gary Munoz,esparks@example.com,C,Montana,5878783124
75,Austin Mcgrath III,brownpatrick@example.com,E,New Mexico,+1-729-976-0700x049
61,Vincent Edwards,ronaldsnyder@example.org,C,North Carolina,982.849.1160x81984
51,Daniel Potts,adamrussell@example.org,A,South Carolina,711-907-9311x0461
69,Donald Schroeder,wsmith@example.org,A,Indiana,437.681.7363x0352
59,Brian Sanchez,wwright@example.net,C,Rhode Island,(275)644-2512
56,David Barajas,bellalicia@example.com,B,Tennessee,699-721-2437
31,Peter Moody,xstewart@example.com,D,Pennsylvania,-2018
35,Jose Palmer,jonathanmills@example.com,A,Indiana,472-916-3656x3715
22,David Johnston,bentleyrachael@example.org,A,Maine,554.846.4128
48,James Pena,taylorlaura@example.com,B,South Dakota,592.234.4323x11312
40,Randy Wang,samantha17@example.com,C,Alaska,(498)909-1865x634
38,Adrian Clark,jenniferpatel@example.com,C,West Virginia,(767)934-4498x518
47,Andrew Jones,michaelbrooks@example.org,A,Kentucky,-1694
47,Timothy Williams,ericrivers@example.net,E,Montana,001-333-248-2449x1070
74,Jeremy Freeman,kimberlygonzalez@example.com,A,Ohio,260-641-8311x559
36,Phillip Soto,jmorrison@example.com,A,Nevada,-7134
52,Michael Martin,stacycampbell@example.com,A,South Dakota,(336)505-7342x424
73,Gregory Bradley,nathanielzuniga@example.net,C,Iowa,(696)950-1361x35288
62,William Johnston,bridgesrichard@example.com,E,South Dakota,337-574-1449x86630
42,Barry Mason,whuber@example.net,C,Louisiana,862.613.2445
40,Mark Stephens,jeremy48@example.org,D,Louisiana,917.454.6937
46,Adam Reyes,cmckinney@example.com,C,West Virginia,446.609.5097x1492
38,Alfred Jones,amandabutler@example.com,C,Wyoming,697.497.6224x4580
22,Matthew Kelly,mark93@example.com,A,Kansas,+1-890-547-5366x22021
67,Matthew Keller,whitneybradley@example.com,A,Nevada,(411)677-2042x23569
21,Stanley Fuller,colemancasey@example.net,C,Wisconsin,716-364-7540x643
46,Dustin Hopkins,christopher39@example.net,A,Wisconsin,820.444.5019x1900
73,Douglas Gutierrez,robinsonangela@example.org,C,Kentucky,+1-234-263-3296x49799
66,Sean Porter,hensleyjonathan@example.com,C,Hawaii,001-774-455-8998x523
37,Ronald Reyes,opittman@example.net,A,Massachusetts,461.652.7724
62,David Oneal,robert09@example.net,D,Oregon,+1-433-872-7780x87768
77,Dr. Barry Martin MD,ifreeman@example.org,A,Massachusetts,391.243.7667x626
69,Gary Garrett,melissa64@example.com,B,Kansas,684.648.7157
22,Patrick Pope,stacie37@example.com,D,Oklahoma,(778)218-5936x649
72,Joshua Church,jennifer68@example.com,B,Idaho,555.550.5790
71,Joseph Livingston,jason25@example.net,A,New Jersey,001-853-735-1374
28,Dr. Jesse Perez DVM,jamesdavid@example.com,A,Michigan,526.655.5893x1298
74,Cory Fuller,gregory12@example.com,B,Washington,9957424589
73,Shannon Cordova,heather10@example.com,C,Colorado,500.482.5365
21,Benjamin Miller,jtaylor@example.net,A,Idaho,(495)515-6062
60,Richard Sanchez,halldavid@example.org,A,Massachusetts,(412)557-4305x90393
37,Joshua Robinson,larrymiller@example.org,C,Wyoming,733-481-7094
35,Keith Lewis,nbradshaw@example.com,B,Michigan,(767)386-9342x927
52,Lance Fischer,james22@example.net,D,Montana,(704)789-2153x77181
53,Frank Burke,aramirez@example.org,B,Iowa,877.282.2913
56,Michael Perkins,samanthacabrera@example.com,A,South Dakota,001-847-567-7942
48,Nathan Smith,cflores@example.com,A,Massachusetts,505.730.2460
59,Mark Morris,zhughes@example.net,B,Texas,(299)858-5708x1659
48,Russell Willis,masonchad@example.com,C,Montana,422.306.2107
74,John Horton,montgomeryjames@example.org,B,Maryland,(953)683-3745
56,Eric Rodriguez,valeriewalls@example.com,D,South Carolina,385-457-5731
38,Robert White,hodgesvanessa@example.net,C,Virginia,+1-835-594-5545x012
36,Derek Robinson,winterslori@example.net,A,Indiana,872.486.0324x089
74,Adam Edwards,vtaylor@example.com,B,Colorado,872.887.4665
56,Matthew Davis,pberry@example.net,E,Iowa,(309)347-0841x96349
38,Christopher Sherman,hernandezkevin@example.net,B,Iowa,719.396.6033x202
62,Chris Welch,barnescharles@example.net,B,Montana,925.542.3559x0883
21,Michael Yoder,melissa85@example.com,E,Michigan,303.486.6095x4531
40,Brandon Fleming,csandoval@example.net,B,Wisconsin,(267)887-9414
39,Mr. Blake Webb,lauren77@example.org,A,Massachusetts,-7727
23,Christopher Acosta,portermichael@example.net,D,North Dakota,001-326-291-1190x07747
36,George Johnson,karen71@example.net,A,Washington,392.949.2455x452
68,Phillip Rubio,april88@example.com,C,Rhode Island,(724)455-9167x771
64,Patrick Rios,richardsonkevin@example.net,C,New Jersey,8902006707
56,Michael Ryan,virginia09@example.org,A,North Carolina,+1-631-683-7017x2870
37,Thomas Davis,crystalfowler@example.net,C,Virginia,866.237.8302x5074
18,Kevin Gonzalez,tiffany12@example.net,C,Nebraska,444.236.3942x942
27,Ryan Kent,jason25@example.net,A,Florida,(701)683-0536
38,Paul Kennedy,matthew01@example.org,B,Arkansas,(541)535-2788
71,Michael Johnson,alexanderchelsey@example.net,A,New York,+1-203-487-1245x499
33,Robert Williams,johnthomas@example.com,A,Colorado,001-974-722-6120
77,Matthew Watson,harveylisa@example.com,A,Washington,4997434051
32,Steven Dunn,stacey24@example.com,A,Missouri,3923715673
76,George Silva,nwilliamson@example.net,B,South Carolina,001-604-851-5567
50,Austin Scott,jasoncrane@example.net,E,Missouri,9487605063
41,Ryan Strickland,amyjohnson@example.org,A,Missouri,294.795.3639x35390
75,Jacob Lawson,xcurry@example.com,D,North Carolina,001-962-547-2369x44922
63,Michael Wang,karen19@example.org,C,Ohio,(855)387-5972
51,Richard Porter,bmarsh@example.org,A,Iowa,848-619-1663
71,Mark Lopez,adiaz@example.com,A,Washington,001-335-944-3671x587
69,Robert Greene,adavenport@example.net,B,Michigan,001-684-987-8471x696
45,Scott Parrish,reyesreginald@example.org,A,Rhode Island,397-983-4237
71,Johnny Morton,michael18@example.net,B,Massachusetts,(479)693-0619
30,Bruce Wright,phillipserika@example.org,D,West Virginia,641.413.9462
74,Jose Wright,markbrown@example.com,A,Tennessee,713.572.5019x64306
52,Frank Franco,zaguilar@example.net,D,Vermont,866.970.0717x507
61,Michael Smith,xhansen@example.org,D,North Carolina,216-580-4333x8542
61,Justin Taylor,eric88@example.net,C,Oregon,(376)339-6320
31,Tony Johnson,pameladay@example.org,A,Illinois,+1-391-651-4891x04447
62,Thomas Thompson,travisvaughan@example.org,E,Illinois,459-831-4579
72,Zachary Moore MD,lauren16@example.org,A,Georgia,279-276-3017
73,James Smith,amymann@example.net,B,Missouri,001-351-602-1027x3461
51,Daniel Chambers,rmora@example.com,D,Virginia,2665603661
48,Scott Torres,jill58@example.net,D,Louisiana,5267528173
60,Brian Owen,jamesdaniel@example.com,B,Alaska,(748)832-5778x4724
63,Martin Vaughn,luis79@example.org,B,Georgia,-10302
58,Chad Webb,obrienjennifer@example.net,A,Oregon,862.856.0582x221
49,Randall Matthews,frankbrown@example.org,C,Nevada,+1-720-747-7367x9992
68,Shane Bray,melissafitzgerald@example.net,A,Wisconsin,941-327-5131x3263
35,James Shaw,efrench@example.org,A,South Dakota,+1-242-728-4440x97390
33,Samuel Perez,owenspatricia@example.org,A,South Dakota,440-291-6505x957
71,Jordan Taylor,lewislori@example.com,B,South Dakota,-2250
52,Eugene Murray,hamiltonmichael@example.com,C,Maryland,001-944-454-9709
74,Billy Peterson,diane20@example.com,A,Washington,(229)896-9946x463
29,Christopher Goodwin,dawsonrichard@example.org,A,Indiana,602.755.4722x82022
60,Joseph Griffin,miguel32@example.net,B,Idaho,955.823.5168x8362
21,Kenneth Thompson,astokes@example.com,D,Nevada,(578)460-1773x459
39,Richard Grant,turnerlori@example.com,A,Pennsylvania,001-518-679-6808x2725
29,Nathan Powell,mgross@example.com,A,Montana,791.902.6849x3658
64,Dylan Miller,hobbsangela@example.com,D,Florida,001-233-286-7254
18,Michael Walker,lauraestrada@example.com,A,North Carolina,985-662-8883x727
73,Lawrence Turner,wallen@example.org,C,New Mexico,(390)889-4842x34599
38,William Walter,uhall@example.org,C,New Mexico,(247)262-3527
73,Michael Skinner,kevinlee@example.net,B,Arkansas,+1-498-664-7385x70832
41,Jeremiah Bailey,david55@example.net,B,Idaho,001-575-421-3342x4132
74,John Williams,fernandezdavid@example.net,A,Maine,633.892.2821x393
24,Thomas Hobbs,hughesjerry@example.org,A,Missouri,(261)826-9699x91478
29,Robert Rodriguez,valerie93@example.org,A,Michigan,(325)744-5822x892
57,Jeffery Garcia,tina61@example.org,B,Iowa,(691)790-7073x6060
69,Dustin Clark,hjones@example.com,B,North Carolina,714-777-4310x9526
62,Roger Patrick,mgonzales@example.net,A,Texas,448-782-8853x1347
32,Kevin Sullivan,zcastaneda@example.net,B,West Virginia,331.854.6665x90358
59,James Bryant,sdodson@example.com,A,Connecticut,974.827.4465x4227
68,Charles Evans,kevin26@example.org,C,Illinois,+1-505-304-6763x055
45,John Mendoza,larry73@example.net,A,Virginia,001-519-515-0843x016
66,Phillip Bradley,cruzanna@example.org,E,Massachusetts,(503)934-0267
43,Richard Barnett MD,antonio45@example.com,E,Montana,647-719-8064x9079
80,Jason Madden,scotttim@example.org,A,Mississippi,736.843.0719x31709
25,Brandon Sandoval,bonillajohn@example.org,A,South Dakota,989.764.4132x043
38,Luke Parker,fking@example.org,A,Maine,705-474-5592
18,George Bentley,benitezjohn@example.org,C,Michigan,(347)312-2278
74,Jeffrey Mccann,martinbrooke@example.net,A,Rhode Island,001-548-755-5184x854
50,Scott Gonzales,brandon21@example.com,B,Wisconsin,411-393-9137x112
19,Andrew Snyder,johnosborne@example.com,A,Kansas,543.437.4660
60,Joseph Jackson,adamsbrandon@example.net,C,Minnesota,001-647-494-2624x7155
71,Matthew Elliott,reginald71@example.org,A,Virginia,340-307-6437x17328
56,Richard Wilkinson,turnergeorge@example.net,B,Connecticut,9288254102
55,Ernest Hernandez,vbrown@example.org,B,New Jersey,(371)348-5856x0266
56,Derek Michael,warddustin@example.net,D,Michigan,594-623-4982x659
47,Paul Carey,perrybrett@example.net,B,South Dakota,(837)558-0223x0041
52,Calvin Kelley,vincent35@example.org,A,Wyoming,668-744-0426x436
73,Raymond Morton,angela89@example.org,B,New York,405-632-0721
49,Adam Taylor,kevin03@example.net,A,Idaho,(626)861-0516x8030
62,Bryan Murillo,holttina@example.net,A,Texas,(692)879-2354
60,Kevin Ramsey,riveraryan@example.com,D,West Virginia,001-527-259-2772x031
63,Joseph Gonzalez,jennifer28@example.org,B,Mississippi,330-278-9383x7148
71,Michael Horton,warderic@example.net,D,Kansas,5316476227
22,Robert Bennett,pstafford@example.com,A,Minnesota,(485)784-7241
42,Antonio Martin,taylorscott@example.com,B,Alaska,+1-629-692-1394x74994
47,Troy Hart,vkaiser@example.org,A,New York,(700)904-5848x76291
19,Jeffrey Blevins,gonzalezkevin@example.org,A,Tennessee,510.314.2062x5222
33,John Smith,alvinwest@example.org,A,Missouri,(537)944-4239x25047
73,Michael Willis,rbishop@example.org,C,Florida,716.622.5888x0386
67,John White,willisjason@example.net,E,Tennessee,957.526.1916x485
33,Curtis Pratt,richard02@example.org,B,Alabama,(434)755-8506
66,Joseph Waller,wwilkerson@example.com,D,California,+1-784-605-0891x1795
47,John Williams,oharris@example.org,C,Delaware,654.574.1675
33,Mr. Michael Dickson,cohenbrian@example.com,B,Oregon,001-288-891-0710x432
20,Jordan Anderson,lisabailey@example.net,B,North Carolina,7084238419
60,Jeffrey Turner,pedroorr@example.com,C,South Dakota,8816843958
20,Anthony Lopez,mitchelldarrell@example.org,C,Montana,887.415.4859x0593
75,Ryan Peterson,dakotawoods@example.org,B,Texas,736-656-6954x346
68,Joseph Shea,kylemoore@example.net,B,Alabama,580.757.1513
30,Scott Choi,ashleemendoza@example.org,A,Arkansas,+1-536-219-3354x54627
62,Ethan Larson,deborah77@example.net,A,Ohio,234-284-8245x56482
43,James Wood,wagnermaria@example.net,A,Connecticut,224.880.3830
27,Michael Hansen,catherine81@example.org,C,Illinois,(901)453-7729x0309
67,Eric Miller,chad51@example.com,C,Maine,887-966-1313x551
63,Joseph Johnson,jefferyhall@example.net,C,Iowa,+1-566-557-5592x11560
43,Brian Harrison,michaelmoore@example.org,A,Arkansas,001-237-829-5774x0432
71,Eric Mckee,sjackson@example.net,B,Indiana,(615)847-4416x91035
75,Mr. Sean Robinson DDS,james51@example.org,B,Maine,(344)833-8171
37,Michael Key,robertwilliams@example.com,A,Virginia,946-765-1893
65,Gary Brown,travis33@example.org,A,California,001-690-556-0617x7897
30,Larry Estrada,ramosbrandon@example.com,C,Alabama,799.533.6249
64,Peter Hicks,deanna72@example.net,B,Alabama,631-312-2196
58,Jeffrey Brooks,kimberlywilliams@example.net,A,Maryland,001-230-287-6433x65915
51,Jason Rush,flemingronald@example.com,D,Illinois,+1-227-366-3165x3674
41,Jeremy Gutierrez,hmartin@example.com,A,Georgia,812.855.1182x617
47,Austin Bennett,joshua66@example.net,D,Florida,922-702-7685x711
65,Jeffrey Glover,lmartin@example.com,B,Illinois,(955)738-3172
33,Timothy Ford,jeffreycochran@example.org,A,Texas,+1-330-253-3855x1185
37,Eddie Steele,tlewis@example.org,B,Texas,001-225-334-8326
20,Jose Flynn,kathrynking@example.net,B,Tennessee,+1-428-916-4234x18896
63,Neil Brown,xjones@example.org,B,Idaho,+1-847-841-4409x286
53,Christian Lyons,ygarcia@example.net,C,South Dakota,+1-351-724-1959x135
53,Keith Griffin,brennantimothy@example.com,C,Utah,(428)638-2645x70132
35,Andrew Calhoun,jamesboyd@example.org,B,Georgia,444.402.7721x9566
36,Dr. Henry Rivera,tinabrown@example.net,B,New Hampshire,782-718-6849x51661
31,Albert Brown,kingcassandra@example.org,A,Alabama,001-981-490-9865x03018
66,John Brooks,jowens@example.net,A,Arkansas,3064988666
48,Bryce Hernandez,williamsdanielle@example.net,A,Idaho,635-882-5112
37,Matthew Vazquez,wmiller@example.net,C,California,5864860716
56,Scott Castillo,zlee@example.net,B,Texas,+1-456-492-0710x9638
79,Christopher Griffin,ublair@example.net,B,North Carolina,001-771-742-4175x169
25,Christopher Gonzalez,morrisonamanda@example.net,A,Michigan,+1-213-455-9056x4540
76,John Robertson,normanrachel@example.net,A,Oklahoma,001-232-895-8336
53,James Strickland,antoniofuller@example.net,A,Florida,+1-489-690-6879x463
58,Dr. Scott Briggs,tyler59@example.org,C,North Dakota,312-251-6890
37,Matthew Kelly,plynn@example.com,E,New Mexico,694-375-8120x60054
52,Matthew Harrell,wallaceteresa@example.net,A,Delaware,214-677-9710x2601
52,Kevin Perez,qreed@example.net,A,Maine,+1-605-765-9147x592
19,David Mcbride,caitlinblankenship@example.net,D,Idaho,001-871-749-0009x47274
76,Kenneth Gonzales,gpowell@example.com,A,Oregon,+1-886-616-0846x63623
76,Ryan Dominguez,jacobscarla@example.com,D,Kansas,(387)312-0678x31039
28,Alexander Villanueva,cookespencer@example.org,A,Kansas,761.596.2688x9237
52,Brandon Knight,gregory32@example.com,B,Washington,(521)829-7361
19,David Hudson,fyoung@example.com,D,Wisconsin,785.543.5555
31,Micheal Smith,mackenzie96@example.org,B,New Jersey,3458242439
52,Scott Fernandez,mark38@example.org,B,Indiana,5045129213
42,Keith Rosales,annsanchez@example.org,A,Iowa,(798)589-4039x984
59,Chad Barnes,thomas67@example.net,A,Alaska,001-599-218-8358x6820
69,Dwayne Keller,colemanleonard@example.org,A,South Dakota,5455465517
70,Jacob Moore,hendersonsandy@example.com,B,North Carolina,461-277-9248x75714
51,Brandon Green,nicole73@example.org,A,Ohio,(374)627-7909
60,Jesus Cobb,lindsey84@example.net,A,Oregon,8176880856
45,Steven Figueroa,jjohnson@example.net,A,South Carolina,001-985-645-3150x33843
68,Michael Brown,leenancy@example.net,C,Oregon,822.399.9151x311
69,Nicholas Morales,ugill@example.org,A,California,318.214.7538
62,Mr. Adam Jarvis,amy85@example.net,A,Utah,+1-762-626-2833x5249
24,Scott Reed,brianramirez@example.net,B,Indiana,952-904-0618x2358
46,Michael Hall,doughertyjohn@example.net,A,Florida,+1-382-409-5779x90601
67,Parker Morrison,zhernandez@example.com,C,Maine,001-737-200-3220x5563
40,John Harmon,katherinegibson@example.com,B,Rhode Island,+1-334-382-8357x84678
29,Jacob Maldonado,sonyahill@example.org,A,Alabama,653.588.5917x1532
34,Rodney Owen,ehuffman@example.com,B,California,001-633-549-0853x3481
41,Christopher Beasley DDS,williammiller@example.org,A,Oklahoma,(238)629-2018
69,John Mason,johnjames@example.com,B,South Carolina,001-742-568-0472x9914
29,Ronald Brown,rojasemily@example.org,B,North Carolina,473.322.7023x3349
69,Ryan Lee,spowell@example.com,C,Utah,-8555
36,Jason Sanders,lance20@example.org,C,California,001-512-940-9345x1282
68,Steven Crawford,sherigilmore@example.net,E,North Carolina,371-348-2567x862
70,Scott Miller,suebender@example.org,A,Illinois,974-884-6501x6965
39,Christopher Smith MD,kristinyoung@example.com,A,Georgia,(244)837-0563
73,Travis Johnson,qpatterson@example.com,C,Oklahoma,539-404-9979
55,Joseph Stokes,dawn26@example.com,C,Connecticut,818-418-2942x54571
27,Anthony Smith,mckenziekaren@example.net,A,Texas,(544)757-8014
38,Christopher Johnson,pholmes@example.org,A,Montana,708-312-4823x8182
73,Jeffrey Johnson,manderson@example.org,E,New Hampshire,001-611-393-2521x04951
41,Andrew Graham,carly82@example.org,E,Hawaii,-2823
21,Jeffery Evans DDS,alyssarussell@example.net,A,Louisiana,(441)581-1379
65,Derek Walker,cshelton@example.net,C,North Carolina,+1-695-581-4176x8449
46,Alex Villarreal,vbrown@example.org,A,Connecticut,327.537.9187x289
76,Timothy Davis,alvarezlauren@example.org,A,Arkansas,9794752067
37,Brian Wiggins,paultaylor@example.net,D,Arkansas,748.459.0750x231
61,Robert Woods,gloria44@example.com,E,Idaho,+1-798-790-2020x45183
71,Christopher Johnson,ywilliams@example.com,A,Louisiana,304.468.1892x7325
56,Frank Hudson,daniel77@example.com,C,Iowa,968.424.6452
24,Douglas Huang,pmurphy@example.org,D,North Dakota,+1-666-665-3813x009
40,Dennis Aguilar,margaretray@example.com,C,Colorado,+1-816-993-7021x929
31,Kyle Humphrey,lewiskrystal@example.net,B,North Carolina,(852)766-7650
67,Patrick Tyler,rachel93@example.com,C,New Mexico,001-230-408-4364x60566
61,Jerry Solomon,brennannancy@example.net,C,North Dakota,481-342-0946x79590
58,Corey Swanson,camachojamie@example.net,A,Wisconsin,001-927-635-5467
32,Terry Buckley,autumn38@example.org,A,South Carolina,971.371.1184
74,Daniel Jimenez,ggarrison@example.org,B,Louisiana,+1-267-207-0320x016
24,Douglas Mitchell,qhughes@example.net,A,Vermont,287-391-9549x3159
56,Daniel Brown,gcampbell@example.net,A,Wisconsin,327.593.4475
26,Jesse Wilson,megangentry@example.com,A,Oregon,001-560-582-3068x7742
59,Bob Carter,susan54@example.com,D,Mississippi,336.529.6791x9410
31,Tony Powers,angelafernandez@example.net,C,Utah,858.928.2258x676
66,Justin Moore,ushea@example.net,A,Georgia,+1-978-845-5424x0803
62,Robert Welch,erin85@example.net,D,Alaska,708.222.3007x873
39,Shawn Beck,nataliesimmons@example.net,B,Colorado,206.313.8431
22,Jaime Lewis,ernestmartin@example.org,A,Minnesota,458.735.4832x5799
46,Mark Andrews,fitzgeraldelizabeth@example.com,D,Oregon,852-507-0449
62,Paul Pham,thompsondavid@example.org,A,Maine,286-299-3777x987
38,John Burgess,ipatel@example.org,A,Wisconsin,001-628-484-7045x83664
58,Nathaniel Galloway,rjackson@example.org,D,California,9439806451
76,Kristopher Dawson,flynnrobin@example.com,B,Louisiana,(391)367-8088x3060
59,Randall Harrison,madison48@example.com,A,Maryland,906.457.0158x24336
18,Jesse Chandler,mccoykevin@example.com,A,Connecticut,692-788-8806x12480
54,Charles Patel,lisa93@example.org,D,Washington,+1-908-339-6996x3681
34,Jeremy Williams,fwalker@example.com,A,Massachusetts,574.952.2248x06122
62,Joshua Fisher,zstewart@example.net,B,Montana,804.371.1803x5516
19,Jonathan Bush,mayslatoya@example.net,A,North Carolina,001-516-571-8280x463
23,David Watson,samuelhaynes@example.net,C,Utah,242.395.7391x0331
63,Joe Duran,schwartzdavid@example.org,A,North Dakota,(920)668-3742x37377
78,Joe Reynolds MD,crystal93@example.org,D,Hawaii,-10448
79,Daniel Carson,suzanne19@example.net,B,New Mexico,680.873.6313x9872
52,Stephen Tran,arnoldjohnny@example.net,B,North Dakota,791.206.5436x566
69,Mark Williams,johnnymiller@example.com,A,Kansas,+1-275-795-9080x967
56,Philip Oconnell,uhaas@example.net,C,Vermont,001-685-583-6916x58447
25,Keith Smith,kevinthompson@example.net,B,Oklahoma,(781)801-4652
72,Javier Brown,carolynschaefer@example.com,B,West Virginia,959-839-1506
57,Michael Lynch,xyoder@example.org,C,Virginia,-4676
36,Robert Perkins,kevinjones@example.org,B,Alaska,(974)849-2947x405
51,John Baker,jamescastillo@example.org,D,Mississippi,735-784-7072x201
25,Blake Todd,jeremiah99@example.org,D,New Mexico,001-319-443-3177
40,Louis Lewis,olowe@example.com,B,North Dakota,559-899-4314x32247
59,Daniel Galloway,jrodriguez@example.com,B,Alabama,(420)969-2832
49,Jacob Erickson,laurensheppard@example.net,B,Alaska,753.545.7128
18,Michael Stein,susan73@example.org,A,New Jersey,968-324-2085
57,David Johnson,jaredwu@example.org,A,Oklahoma,(553)784-8453
40,Christopher Fox,nancy64@example.org,C,Missouri,+1-970-326-1908x069
46,Jose Rios,ashleynguyen@example.org,B,Wyoming,(381)556-3480x014
53,Nicholas Clark,macdonaldjessica@example.org,A,North Carolina,001-909-315-4620x1069
24,Todd Ortiz,lallen@example.com,B,Kansas,518.882.4166x43190
27,Benjamin Norman,laura85@example.com,B,Connecticut,3428763621
39,Alan Robinson,alexzuniga@example.org,C,Kansas,575-767-6770
76,Timothy Gonzalez,jamesdavis@example.org,B,Mississippi,9547949370
45,Tony White,jamie24@example.net,C,Idaho,9616618445
44,Timothy Robertson,davidedwards@example.com,A,Rhode Island,001-953-422-9779x8876
45,Christopher Rowe,vcastillo@example.org,A,Alabama,+1-878-731-0530x430
19,Norman Brown,laura42@example.com,A,Vermont,+1-430-940-3079x62063
42,Douglas Poole,cynthiabarrett@example.org,D,South Carolina,(456)430-0449x703
24,Douglas Aguirre,jonathan85@example.org,B,New Mexico,(513)797-6315x821
39,Craig Jones,jjohnson@example.com,C,Connecticut,945.434.0503
20,Casey Wilson,hernandezmatthew@example.org,C,Wyoming,378-755-4353x28125
50,Shane Lyons,lowerydonald@example.org,D,Georgia,465-927-3078x133
25,Andrew Dyer,leblancchristopher@example.com,B,Louisiana,(390)354-1959x72701
61,Lawrence Jones,hensonmichael@example.net,E,West Virginia,6258569466
66,Omar Clark,kbrown@example.org,C,Minnesota,(289)389-2605
65,Thomas Graham,dsanchez@example.com,C,West Virginia,735.232.8264
60,Jonathan Rodriguez,hmyers@example.com,C,New Hampshire,721.342.9898
36,Erik Harmon,jonesjacob@example.org,A,Wisconsin,001-348-874-9197x438
70,Mason Green,travis71@example.net,A,Iowa,4754531912
80,Donald Lopez,harriswilliam@example.net,A,Connecticut,001-283-311-4840x26486
29,William Villa,xkelley@example.com,B,Colorado,7698914256
59,Gregory Ruiz,wjohnson@example.com,A,West Virginia,(248)572-3884x665
72,Robert Hicks,pnorman@example.com,C,Indiana,+1-543-973-8827x697
52,Larry Manning,kimberlycannon@example.com,C,Rhode Island,+1-552-392-2977x3861
36,Roy Porter,dcruz@example.net,B,Kentucky,001-775-917-9933x08177
59,Jason Cook,hurleyjulie@example.org,E,South Carolina,576.395.3448x259
50,Charles Malone,barrettmelissa@example.net,B,Colorado,7718479533
57,Mark Wheeler,maria19@example.org,C,Oklahoma,2565336210
28,James Kane,lindsey66@example.net,C,Indiana,637.581.0259
22,Lance Vazquez,james45@example.com,C,Indiana,(320)685-8589
64,Patrick Rodriguez,aaronrobbins@example.com,C,Mississippi,-7319
68,Matthew Boone,gabriela11@example.org,B,Alabama,532-907-1729x239
26,Sean Morales,amandaswanson@example.org,D,Connecticut,589.829.7874x8068
26,Kyle Johnson,olsonbrenda@example.com,A,Minnesota,844.353.0245
60,Brian Rodriguez,shawdennis@example.net,C,Georgia,8793569640
22,Daniel Collins,melissapayne@example.net,C,Virginia,-7883
68,Michael Weaver,farmerdaniel@example.net,A,Oregon,2574508883
51,Charles Mack,shellyfoster@example.net,A,Washington,-5370
23,Mark Tran,campbellclaire@example.net,B,Rhode Island,338-273-3203
76,Riley Ramirez,shannon41@example.com,C,Missouri,001-779-360-2553
28,Evan Martin,tserrano@example.org,D,New York,270.790.1898x097
70,Christopher Rodriguez,bryantbeth@example.com,B,North Dakota,001-436-520-5928x50362
33,Jeffrey Porter,sararice@example.com,B,Washington,-7486
61,Jonathan Dickerson,pprice@example.org,C,Vermont,001-436-876-8264x515
22,Mathew Flores,jsaunders@example.com,A,Louisiana,466-220-1761
54,Richard Webb,debbie90@example.com,A,Massachusetts,001-238-578-1989x229
19,Christopher Shaw,butleradrian@example.org,D,New Hampshire,+1-706-304-0871x7458
74,Timothy Alvarez,nicolejones@example.com,A,Utah,001-646-278-9684x41845
78,Kevin Perkins,christine99@example.org,A,Texas,001-329-225-7594x7812
63,Mark Patterson,ydavis@example.net,A,Oregon,(270)451-7887
29,Frank Frey,dryan@example.com,B,Utah,(995)314-6132
68,Devon Wilson,mfranklin@example.com,B,Oklahoma,001-284-245-3085
74,Ricky Green,xgreen@example.org,A,Texas,495.835.6275x6512
77,James Dunn,rhudson@example.org,A,West Virginia,8274861763
52,Matthew Ramirez,meganbrown@example.org,B,Connecticut,9313188493
58,Nicholas Hicks,jenniferhopkins@example.net,A,Missouri,846-474-9050x057
56,Daniel Riggs,kingbrian@example.org,D,California,9256492631
72,Randy Gardner,amy60@example.net,A,New Jersey,424.801.2569
51,Christopher Morris,ashleyharris@example.org,C,Nevada,(715)861-1767
55,Ryan Walsh,mrobinson@example.org,A,Oklahoma,001-814-479-8946
56,Jeffrey Miranda,jenniferobrien@example.org,E,Mississippi,321.993.0822
25,Donald Willis,michaelrandall@example.org,C,Connecticut,(473)430-8647x382
78,Mario Delgado,sean39@example.com,C,Hawaii,001-518-524-2335x1458
34,Alan Haynes,turnercynthia@example.org,A,Wisconsin,2576031290
56,Jorge Castillo,reedmichael@example.net,A,Pennsylvania,353.790.4951x26894
71,James Johnson,danielle73@example.net,C,Indiana,(977)704-6045x571
32,Jordan Callahan,barnessabrina@example.net,C,Vermont,-6113
77,Shawn Gonzalez,james26@example.com,C,New York,(738)850-8574x02061
59,Mr. Brett Hayden,tkent@example.net,A,Texas,(342)331-1778x005
18,Billy Mcknight,wyatt85@example.com,A,Maine,001-373-947-2576
78,Ryan Carroll,qcole@example.org,A,Illinois,+1-734-823-7478x045
46,Marc Campbell,millerwendy@example.net,B,Virginia,+1-889-759-4507x45563
47,Thomas Garcia,ritapacheco@example.com,A,Minnesota,925-266-5990
54,Robert Riley,daniel21@example.com,A,Kansas,(646)264-4386x74264
48,James Harper,jmiller@example.org,B,Tennessee,394.719.7369
67,Samuel Estrada,cuevasmichael@example.com,A,North Dakota,+1-708-550-7397x185
49,Richard Lewis,heather31@example.com,C,Louisiana,851-447-2348x0065
43,Austin Brown,dustin11@example.org,D,West Virginia,(903)217-0030
28,Travis Calderon,rebeccaward@example.net,A,Missouri,688.990.9322
66,Brandon Roberts,nbaldwin@example.org,C,Minnesota,533-577-5723
60,Christian Jordan,elizabethellis@example.com,A,South Dakota,777-449-9451x606
38,Mitchell Richard,davidjackson@example.org,E,South Dakota,222-572-3054x28436
37,Kyle Thompson,sarahgarcia@example.org,A,Florida,(815)513-5185x84516
26,Ian Castro,roberthunter@example.net,A,North Carolina,-4761
41,Jordan Brown,laura96@example.org,A,California,-5587
37,Derek Luna,cynthia63@example.com,D,Connecticut,(367)231-8512
37,James Stone,fnelson@example.com,B,North Carolina,(781)667-7795
28,Brad Cameron,lawrence14@example.org,C,Missouri,-3035
61,Jeremy Ruiz,pamelarivera@example.org,C,Rhode Island,+1-828-807-8196x051
51,Dylan Bell,egarcia@example.com,B,Nevada,-3103
33,Anthony Kerr,irowe@example.net,A,Indiana,959-395-5480
69,James Quinn,donna02@example.net,A,Connecticut,+1-533-752-4050x58203
22,Eric Snyder,destinysantos@example.net,A,Alaska,(744)903-1961x22532
67,Gregory Houston,fmiller@example.net,A,Mississippi,001-800-518-1718x0430
44,Carlos Boyd,thood@example.org,B,Kansas,215-545-3925x0205
33,Adam Clements,sdonaldson@example.org,A,Oregon,760-424-5966x8349
21,Bryce Crawford,lruiz@example.org,A,Georgia,001-626-468-2389x8201
31,Frank Miller,carolynjohnson@example.com,B,New Mexico,830.859.0657
51,Stephen Mcgee,ywilliams@example.net,B,Florida,860-601-6024
37,Nicholas Smith,amandamoore@example.org,B,Nebraska,680.594.8192
67,Eric Daniels,jeffmcdonald@example.org,A,Oklahoma,608.908.4328x77450
26,Charles Kelly,cperez@example.net,A,Kansas,001-899-427-5543
71,Paul Ayala,jeffery51@example.net,C,Maine,+1-347-732-8667x17823
70,Antonio Anderson,antoniobarber@example.com,D,New York,8615810342
38,Joshua Reed MD,edgar57@example.org,A,Maryland,2169643706
53,Adam Fletcher,benjamin19@example.com,C,South Carolina,001-985-862-3762x9340
52,Tyler Rose,griffinpatricia@example.com,B,Oregon,235.815.9127
39,Gregory Hendrix,hpoole@example.net,D,Florida,667.373.1301
63,James Hernandez,burgessandres@example.com,B,Pennsylvania,001-956-943-9870x3802
77,Joseph Hernandez,steventate@example.com,A,Virginia,350-611-0600x445
20,Jon Alvarez,yalvarez@example.com,D,Alabama,920.319.9735
40,Raymond Bonilla,davidcobb@example.com,A,Maine,-6418
33,Richard Warner,jeffery50@example.net,B,Arkansas,490-208-3166
45,Donald Chavez,ishepherd@example.org,D,Oregon,(858)613-0398
47,Matthew Scott,paula89@example.org,B,Maine,901-277-5984
56,Brian Riddle,huntertaylor@example.org,D,Maryland,001-620-291-3436x779
19,Todd Knapp,osullivan@example.net,C,Michigan,+1-483-920-7731x9858
64,Gary Shelton,marie60@example.org,E,Virginia,001-703-829-3995x9525
79,Jacob David,john53@example.net,D,Arkansas,001-856-997-5927x28105
73,Jason Wright,smithkeith@example.org,A,Mississippi,3903137126
25,John Escobar,scottmontgomery@example.net,A,South Dakota,(859)783-5843
52,Michael Salas,vegakathryn@example.net,B,Idaho,001-363-286-6252
57,Richard Harvey,john28@example.org,B,Indiana,(791)945-8329x50707
42,Timothy Kent,gregorydanielle@example.com,C,Tennessee,001-435-648-3573x74131
78,Benjamin Farley,brianmarshall@example.com,A,Massachusetts,001-577-529-0439x5980
42,Gary Golden,astein@example.net,C,Arkansas,(989)644-0860
77,Robert Walker,chapmancynthia@example.org,A,New Hampshire,(995)671-6256x21807
79,John Mitchell,bennetttammy@example.net,A,Michigan,001-770-755-6477x6849
70,Stanley Reed,cabreraelijah@example.org,E,New Hampshire,620.667.4299x980
65,Jacob Campbell,twoods@example.com,C,Wisconsin,6947481296
70,Michael Martinez,johnestes@example.org,B,New York,(999)423-8208x96584
71,Douglas Carter,normanmary@example.net,A,Ohio,001-351-235-0371x83802
42,Kevin Terry,ashleyfloyd@example.net,A,New York,(797)281-5044x448
77,Anthony Brooks,robert52@example.net,C,Missouri,(932)546-2570
38,Eugene Short,alvaradotammy@example.net,B,Alaska,001-430-341-6673x4866
58,Johnny Johnson,breannawest@example.com,C,West Virginia,746-947-8720x39037
66,James Wilcox,phillipscheyenne@example.com,B,New Mexico,791-948-9890x46868
40,Robert Doyle,qkemp@example.net,A,Idaho,001-597-300-8587x7105
66,Daniel Martinez,mkirby@example.org,C,Maryland,6212117732
36,Robert Brown,melaniejohnson@example.com,B,Indiana,001-392-917-5800x962
52,Richard Hernandez,keith98@example.com,B,Iowa,809.521.2134
19,Michael Wallace,chris06@example.org,A,Rhode Island,001-489-568-5693x909
57,Juan Herring,walkerrichard@example.net,A,Georgia,-6729
43,Chris Espinoza,millercynthia@example.org,C,Georgia,+1-832-319-4788x0241
68,Jesus Garza,fordchristina@example.net,B,Kansas,923-548-4639x79940
48,Zachary Lynch,kevin26@example.org,B,Michigan,001-701-470-6479x4553
62,William Shaw,kperez@example.net,C,New Jersey,730.760.7173x83802
25,Nicholas Roberts,hardyjeremy@example.org,C,West Virginia,511-771-7615x28357
26,Eric Jackson,russellclark@example.org,B,Rhode Island,836-868-6189x366
18,Reginald Wells,hrobinson@example.net,B,South Dakota,377.357.0548x9404
41,Wayne Cummings,jennifer49@example.org,A,Alaska,001-537-322-9235x9791
47,Mr. Ethan Williams,bavila@example.org,B,South Dakota,-7777
58,Ricky Martin,lhernandez@example.net,A,South Dakota,261.766.4724
34,Scott Valdez,qyoung@example.com,B,Alaska,+1-677-388-3279x2672
47,Philip Woods,anthony82@example.com,B,Arizona,+1-842-858-6689x78726
35,Kevin Soto,wtaylor@example.com,A,Vermont,608-470-1724x198
64,Paul Watson,sherry26@example.org,B,Ohio,001-638-907-1246x5159
30,Darren Barnes,ryan33@example.net,A,Washington,739.222.2579x64439
69,Mario Zhang,xford@example.org,B,Utah,2183613787
61,Roger Anderson,griffithstephen@example.net,A,Georgia,001-657-993-4676x4025
21,Kenneth Rasmussen,krichardson@example.org,A,Kentucky,+1-399-449-0540x457
68,Tracy Parks,anthony02@example.net,E,New Hampshire,577-293-5086x197
26,Eric Gonzalez,pittssteven@example.com,A,Maryland,471-496-1650
30,Christopher Hawkins,michaelyoung@example.org,A,California,+1-790-567-5274x6031
34,Curtis Lewis,nwong@example.org,B,Georgia,935.860.8250x34434
35,Glenn Thomas,jacquelinereese@example.com,C,Georgia,9769190526
62,Larry Johnston,jeremy65@example.com,C,Illinois,(578)858-0343x64634
44,Vincent Blair,matthew43@example.com,A,Alabama,218-325-9442x708
30,Jeremiah Bowman,pgordon@example.com,B,Missouri,001-492-430-5890x1822
62,Ricardo Henry,cassandrapitts@example.com,B,Tennessee,001-410-703-1509
18,Gerald Foster,qbriggs@example.net,B,Hawaii,001-500-552-7564x433
53,Jeff Green,hicksthomas@example.com,B,Minnesota,444-259-5698
71,Christopher Perez,jamesdavis@example.net,A,Mississippi,890.952.6131x3251
72,Joseph Anderson,ehubbard@example.com,A,Rhode Island,+1-572-961-9335x28737
47,Alan Brown,jbell@example.org,A,Maine,998-541-4677x07363
70,Eric Hebert,martinryan@example.org,A,Louisiana,(327)989-6751x562
42,James Jordan,kirsten60@example.org,C,Vermont,687.984.5744
18,Michael Figueroa,amanda70@example.com,B,North Dakota,(529)553-1157
25,Benjamin Gallegos,nmiller@example.net,C,Nevada,980.716.9181x810
53,Ian Foster,morsemichael@example.org,C,Ohio,001-366-468-5293x67788
56,Andrew Espinoza,wilkinsonkaren@example.net,C,Texas,001-247-360-8136x87403
67,Bryan Glenn,samantha30@example.com,B,Tennessee,578-805-7321x216
19,Steven Fernandez,cscott@example.com,A,Illinois,200-517-3857x758
72,Jared Thompson,nsims@example.com,B,Maryland,574-314-3875x357
36,David Rivers,kellylynch@example.com,A,Wisconsin,+1-234-515-0898x5439
29,Jeffrey Pittman,robertmatthews@example.com,C,Oklahoma,403-235-1570
61,James Morton,gabriel90@example.com,B,Maine,826.871.4090
29,Robert Kelley,heatherlewis@example.net,C,Indiana,001-428-396-6306
69,Patrick Tucker,hannahmiller@example.net,D,Washington,441.238.4321x72080
76,Juan Hamilton,tamaracarpenter@example.org,A,Maine,(753)359-3585x5763
66,Michael Wade,benjamin41@example.net,B,Arizona,(676)705-5533x52612
32,Terrance Cook,jporter@example.net,A,Mississippi,579.452.4624
50,Brendan Downs,trevinochad@example.com,D,Vermont,(532)646-3442x45821
46,Craig Murphy,maurice71@example.org,A,Vermont,794-498-4581x943
64,David Moore,hwilliamson@example.org,A,Iowa,(497)951-8825
61,Dylan Rivas,brianna12@example.com,A,Oklahoma,001-523-566-6407
19,George Morton,jeffreyherman@example.com,C,Vermont,+1-963-967-0537x152
62,Anthony Nelson,lbarnes@example.net,A,Texas,433.627.9170x288
75,Ryan Escobar,matthew23@example.com,B,Kentucky,(274)639-0666
30,Nicholas Simmons,mckayjody@example.com,D,Maine,587-890-5528
31,Timothy Murphy,hernandezlisa@example.net,C,Alaska,(431)249-4087
57,Edward Black,colemankimberly@example.org,B,Washington,+1-372-641-5335x55979
32,John Cain,teresa22@example.net,E,Alaska,001-527-765-3172x21670
52,Jonathan Schneider,curtisbooth@example.org,C,Iowa,+1-802-536-0923x01461
64,Gabriel Garcia,timothytyler@example.com,C,Louisiana,001-792-608-1042
36,Erik Barber,friley@example.org,A,Ohio,+1-741-331-6865x27731
75,Shane Moore,osbornbrenda@example.com,B,West Virginia,(800)362-6018
35,Mr. Mark Gamble MD,mpowell@example.org,C,Rhode Island,(619)905-3947
78,Brandon Williams,ojohnson@example.org,C,New York,+1-764-332-1144x6061
35,Jason Donovan,joerodriguez@example.com,A,Oregon,(565)813-7815x69236
42,Mark Hodge,stevensonmorgan@example.net,A,Oklahoma,+1-461-293-8561x051
53,Jeremy Fuentes,robert12@example.net,E,Wisconsin,943-366-9606x6164
25,Richard Johnson,ijohnson@example.org,A,Colorado,998-544-5796x2712
56,Mark Sanders,ocruz@example.net,A,Pennsylvania,3684883633
43,Keith Hernandez,ljones@example.net,C,Illinois,+1-386-657-2933x29943
76,Timothy Jensen,greenmichelle@example.net,B,Michigan,551.399.4643
72,Louis Wolfe,sheaanthony@example.org,D,Missouri,(213)517-1706x74476
59,John White,benjamin90@example.net,D,Rhode Island,(288)282-5768
23,Brandon Aguilar,gloriarobles@example.net,B,Indiana,+1-809-301-9254x786
57,Isaac Prince,april89@example.net,B,Hawaii,001-299-501-9284x8207
56,Jacob Beck,ashleybell@example.org,B,Vermont,932-470-9994x1367
67,Marcus Juarez,amy03@example.com,C,Hawaii,001-405-897-4116x3063
53,Jose Stafford,aaronpalmer@example.com,B,California,(813)923-1934x81949
52,Marvin Willis,mullinsjohn@example.net,A,Georgia,001-409-346-1400x78065
64,Daniel Hall,lchavez@example.org,A,Texas,598.707.3077x7673
29,Douglas Williams,dgriffin@example.com,C,Georgia,+1-669-218-1999x59217
76,Fred Webb,zboyle@example.com,A,Massachusetts,910.293.8422x165
71,Jacob Dean,eric80@example.com,C,North Dakota,+1-708-299-7955x8928
78,Michael Pugh,matthew86@example.com,B,Nevada,001-228-492-2672
69,Andrew Davis,iruiz@example.com,D,North Dakota,9355432968
53,Kyle Cooper,gutierreztimothy@example.org,B,Michigan,+1-758-910-2708x75668
39,Matthew Hines,bradfordrebecca@example.net,B,Pennsylvania,986.584.6395x4068
79,Brian Logan,micheal91@example.net,A,Louisiana,552.994.7866x732
29,Preston Roberson,rachelgriffith@example.org,B,New Mexico,(990)458-9182x57474
59,Vincent Richard,hallen@example.com,A,South Dakota,(734)644-7613x73964
29,Kenneth Anderson,hurleyrichard@example.net,A,Tennessee,788-755-4755x3646
73,Benjamin Barker,tortiz@example.org,B,South Dakota,4492448487
30,John King,armstrongalbert@example.net,A,California,897-890-8985x9254
65,Troy Fuentes,jacqueline51@example.net,C,Wyoming,(696)467-8918x395
46,Joseph Miller,cody06@example.net,A,Delaware,001-668-710-3626x3486
56,James Williams,mglover@example.com,B,New Jersey,-5848
66,Jeremy Jennings,qwarren@example.com,C,New York,+1-332-831-0775x284
44,Jason Nolan,ohunt@example.com,B,New York,(885)932-5334
45,Tyler Perez,ricardo50@example.net,A,Missouri,611.402.2724x795
74,Cody Martinez,jacquelinewhite@example.org,A,Indiana,+1-817-550-5879x939
57,Robert Blackburn,martinezheather@example.org,D,North Dakota,456-369-9343
72,Brian Fox,joannahubbard@example.net,E,Iowa,8265981653
69,Kevin Baker,blopez@example.com,D,Virginia,+1-413-591-5699x73027
33,Daniel Stewart,merrittkathryn@example.com,A,Montana,772-925-4251x79688
59,Joseph Arellano,danieldrew@example.org,B,Colorado,510.764.3480
54,Richard Huerta,rayandrew@example.org,A,Massachusetts,(987)308-3087
18,Leslie Dean,jamie92@example.org,A,West Virginia,948.980.6849x570
74,David Lee,mwiggins@example.com,A,Nevada,001-992-989-9564x15846
68,Jeffery Brennan,bakerashley@example.net,C,Washington,001-567-300-2892x86142
41,Alan Tucker,stantonjulie@example.net,A,Utah,843.231.4320x6118
75,Matthew Simpson,ssmith@example.org,A,Alaska,937.558.5500
67,Dustin Flores,georgehendricks@example.org,C,North Dakota,-2719
39,James Bailey,carlos79@example.org,C,California,8277042165
49,Steven Baker,dixonalexandria@example.org,C,Wisconsin,301.887.2143x0897
77,Christian Logan MD,boydcharles@example.org,D,Maine,(302)274-1878x95867
74,Terry Smith,aliciaturner@example.org,A,Wisconsin,+1-590-857-1103x07472
30,Michael Mccormick,adam80@example.net,B,Colorado,001-999-677-0503x424
55,Taylor Nicholson Jr.,ryanking@example.org,B,Hawaii,(436)200-3179
27,Micheal Brown,wspencer@example.com,A,Georgia,001-880-711-3609
39,Brian Chandler,marcus92@example.com,C,New Mexico,(213)331-1141
25,Franklin Ramos,woodsarah@example.net,E,Alaska,(575)313-2254x67197
52,Arthur Nelson,robert20@example.net,C,Nevada,827-940-6141x100
30,Vincent Barry,wgill@example.org,B,Ohio,995-620-4439x4551
23,Scott Walker,kevin74@example.com,E,Idaho,+1-612-966-9276x729
53,Michael Alvarez,jwilkins@example.com,D,Missouri,352.762.4688x3777
48,Nathan Jackson,warnertonya@example.com,B,New Hampshire,+1-230-288-5587x02382
66,Kurt Curtis,johnsonshannon@example.org,B,Massachusetts,7219414824
77,James Bell,brittany81@example.org,C,Arizona,362.761.5346x88521
54,William Vega,qmaxwell@example.net,A,Alabama,885.651.3849x294
71,Mark Holder,ephillips@example.net,C,Pennsylvania,662.259.2561x93581
40,Christopher Benjamin,cherylware@example.net,A,Colorado,8978464054
76,Christian Coffey,greenanna@example.net,C,Utah,444.778.1199x73023
59,Patrick Anthony,cwarren@example.org,C,Texas,746-317-6860x52091
42,Steven Wagner,wilsoneric@example.com,A,South Carolina,368.634.4603x20211
61,Bryce Mcneil,bmckay@example.org,A,Missouri,001-665-388-8987x6078
62,Michael Stanley,christine92@example.com,B,North Carolina,001-235-497-7612
76,Omar Carson,christophermartinez@example.org,A,Vermont,691.883.0677x2287
20,Luis Rodriguez,jacob13@example.com,A,Nebraska,-8061
25,Cody Williams,williampeterson@example.org,A,Indiana,+1-498-575-2181x6010
37,David Powell,weissmark@example.com,E,Wyoming,+1-683-740-0271x6037
21,William Sharp,ortizcarmen@example.com,B,Virginia,(454)948-8642x711
37,Justin Kemp,kirkmelissa@example.net,B,Vermont,488.533.0708x31822
46,Jonathon Harris,perry37@example.org,D,Indiana,601-291-6584
67,Daniel Green,david04@example.net,B,Alabama,(203)655-0741
41,Joseph Rocha,bushjeffrey@example.net,B,Montana,001-776-809-9480x0383
38,Alexander Barrera,kristenboone@example.com,B,South Carolina,001-442-967-9010x25204
73,Brandon Cummings,troycook@example.com,A,Arkansas,248-814-1153
20,Brian Rivera,csmith@example.com,B,South Dakota,001-842-365-1418x277
33,Gregory Weeks,lopezkimberly@example.com,B,Massachusetts,+1-894-901-3089x9296
27,James Keller,ojarvis@example.com,B,Wisconsin,001-707-801-5681x610
40,Jeffrey Vaughn,millsmichael@example.com,B,South Carolina,+1-618-403-9722x863
18,George Dunlap,deanna70@example.net,B,Arizona,001-536-569-7955x51011
71,Francisco Thomas,afigueroa@example.com,A,Oklahoma,(382)674-9462
38,Christopher Bean,johnwright@example.net,A,Rhode Island,813-272-2721x7323
80,Jamie Hudson,michelle12@example.net,C,Idaho,831.750.1383
22,John Parks,wlopez@example.net,C,Minnesota,(602)740-3742x29634
52,Joshua Schmidt,spencerstevenson@example.com,A,Louisiana,001-407-568-2395x03684
80,Jesse Pierce,robert02@example.com,D,California,(443)321-8765x615
55,Scott Stewart,ihernandez@example.net,B,Arkansas,(240)222-2770
67,Adrian Walter,sandrews@example.org,A,Hawaii,(492)398-5870x0142
77,John Fuller,vancemary@example.org,B,Maryland,842-830-9265x05345
36,William Pittman,diazwilliam@example.org,B,Arizona,586-314-3735
71,Scott Carter,jasminegonzalez@example.com,B,Washington,677.880.2764x4694
58,Vincent Hernandez,agoodwin@example.com,C,South Dakota,732.523.1789x18273
53,Scott Gilmore,lopezgeorge@example.org,E,Michigan,001-572-534-0554x677