transaction_id,property_id,agent_id,sales_price,sales_date,buyer_name
63,54,50,31217.73,11/11/21,Shawn Pratt
21,22,52,71177.88,2/22/25,Donald Frost
68,57,53,83141.51,8/31/20,Derek Leonard
75,19,20,78982.68,6/7/20,Christopher Wade
22,31,64,3755.23,4/13/21,Juan Lopez
74,73,50,80990.73,4/17/24,William Todd
33,49,19,37501.5,11/2/21,Joseph Hart
21,67,73,9011.13,7/5/23,James Jones
71,56,28,52748.02,7/6/24,Eric Lynn
50,35,67,42999.83,5/26/22,Timothy Gonzalez
19,60,66,45154.12,8/7/21,Anthony Roberts
35,22,63,88251.1,4/27/22,Blake Zamora
44,36,72,44823.63,10/30/23,Jerry Smith
32,38,26,64668.33,6/4/24,Ryan Sullivan
28,47,69,6446.98,10/9/22,Michael Schmidt
35,67,46,12211.83,6/6/21,Matthew Hickman
34,42,30,4895.54,12/16/24,Seth Hale
80,30,39,68562.76,9/2/22,Timothy Rodriguez
64,75,31,33882.12,4/21/21,Darren White
56,66,19,68496.72,5/14/23,Paul Roberts
35,59,49,65178.14,9/4/21,Michael Miller
47,50,56,17011.12,3/4/23,Dalton Johnson
69,35,79,57294.15,10/10/24,Christopher Johnson
56,24,48,7034.33,7/25/24,Todd Mcpherson
45,65,34,51894.04,2/3/23,Jeremy Russell
36,42,59,59344.06,12/21/24,Joseph Wolfe
55,57,23,69476.11,1/20/25,Marvin Parrish
29,80,24,43382.44,1/29/23,Matthew Miller
35,43,80,79687.53,5/22/21,Patrick Wade
22,31,52,44179.82,6/8/23,Matthew Richardson
61,50,68,89721.77,8/8/20,Wesley Griffin
60,55,23,17348.4,6/6/23,Justin Lane
70,67,77,48477.66,11/9/23,Travis Robinson
69,41,54,48587.65,2/19/21,Mark Moore
25,30,49,85339.57,8/31/23,Francisco Quinn
20,56,54,8620.88,2/25/22,Kevin Turner
44,75,22,76767.59,7/29/23,Walter Flores
32,25,76,48852.19,5/7/25,Albert Mckenzie
36,20,51,86511.78,4/27/21,Darryl Watson
45,29,63,83666.77,1/26/24,Jonathan Williams
44,65,47,28004.64,9/21/20,Eddie Garza
47,38,62,25168.15,7/24/20,Travis Campbell
62,50,22,55524.92,7/30/23,Joel Edwards
64,19,22,56527.23,12/11/23,Brian Parker
77,46,59,70805.95,10/14/24,Jeremy Humphrey
65,51,68,95535.17,11/25/24,Matthew Gregory
74,61,54,49460.85,9/19/21,William Gonzalez
61,47,44,23264.82,9/11/21,Christopher Bryant
20,29,40,27914.06,2/22/24,Tony Kramer
64,61,35,34369.5,8/22/22,Jack Rivera
56,20,47,87657.72,9/24/24,Leroy Bryant
75,31,80,57953,3/27/25,Maurice Castaneda
35,50,29,30745.71,6/30/22,Marc Clark
33,68,41,45249.4,9/19/23,Nathan Smith
19,35,49,21356.57,9/19/21,Curtis Murphy
54,33,48,90369.91,1/17/22,Timothy Vincent
49,65,46,83274.93,2/14/24,Thomas Mahoney
67,58,19,49841.15,10/5/24,Benjamin Fleming
38,79,26,3751.4,1/25/24,Mitchell Knapp
39,76,79,80873.92,10/5/21,Bradley Myers
47,27,65,64438.62,5/22/25,Wesley Schneider
33,35,59,69497.9,12/6/24,Eric Rogers
30,72,77,96315.08,12/2/22,Michael Russell
68,51,35,57697.79,11/19/22,Dave Newman
76,65,47,1754.67,12/1/20,Spencer Alvarado
32,75,78,5191.84,7/10/22,Todd Schultz
77,22,73,6073.42,6/6/23,Randy Costa
76,26,35,3111.38,2/10/21,Jason Mclaughlin
37,72,78,60062.74,5/1/23,Nicholas Dunn
70,45,80,77918.42,10/11/24,Christopher Griffin
61,48,47,30197.69,9/27/22,Christopher Terry
49,30,70,1931.28,11/28/24,Christopher Decker
62,58,53,99251.64,6/23/24,Scott Jackson
20,67,29,82522.17,2/6/23,Roger Hoffman
43,41,68,96594.91,9/4/22,Marcus Young
25,50,72,1632.32,3/2/25,Walter Peterson
40,42,55,8425.3,11/14/23,Marc Davis
29,45,26,98490.75,10/24/21,Jacob Parker
61,19,37,36238.71,10/29/24,Andrew Owens
54,28,60,27664.79,12/14/21,William Schmidt
59,79,80,85083.35,10/16/23,Timothy Cardenas
26,40,27,84870.02,8/26/20,Jeffrey Cole
40,63,68,50286.58,4/14/21,Daniel Butler
50,72,76,12302.28,1/26/25,John Roberts DDS
34,69,60,22799.15,1/9/24,Miguel Bruce
32,66,60,62029.32,1/23/23,Michael Wilson
29,42,58,76105.5,12/6/23,Benjamin Campbell
69,56,43,87307.06,9/14/23,Chris Edwards
62,23,65,94666.58,12/25/24,Joel Allen
63,79,23,9630.42,9/5/20,Chad Esparza
59,40,31,16222.79,7/9/23,James Miller
59,77,30,20457.08,4/4/24,Matthew Orozco
54,63,32,56276.5,10/14/20,Willie Hill
28,46,25,95650.66,3/4/25,Michael Burke
40,45,74,19621.21,3/9/23,Mr. Michael Clark
73,80,36,50285.7,1/16/22,Kyle Kaiser
26,73,53,26991.67,7/2/22,Michael Farmer
39,39,57,29546.66,6/16/21,Jason Fry
66,56,42,43247.41,7/26/23,Calvin Garcia
67,35,40,80049.54,6/24/20,Eugene Smith
58,33,50,42279.74,6/28/20,Mr. David Miller MD
23,66,62,25986.99,6/23/20,John Orozco
40,48,38,52257.95,10/14/21,Andrew Arellano
71,58,60,31483.5,9/29/22,Richard Clay
69,80,28,58618.44,4/7/21,Douglas Johnson
28,49,72,55473.45,4/28/21,Ryan Peck
45,69,73,87022.27,2/23/21,Carlos Jones
64,57,64,12063.7,1/3/24,Jared Spencer
32,26,46,15550.41,8/1/24,Michael Austin
46,54,24,49545.21,4/25/24,Scott Levine Jr.
71,43,72,37726.09,2/13/23,James Rodriguez
31,18,71,29074.49,6/22/24,Christopher Morris
76,36,26,97046.26,8/9/22,Seth Baker
75,25,47,46737.4,5/26/21,Jason Cox
31,72,66,29831.38,8/19/22,Jordan Olsen
39,36,76,39378.52,4/14/24,Adam Scott
78,19,18,36296.35,7/22/20,Christopher Fuentes
31,48,54,14429.32,6/26/23,Michael Sanchez
68,74,68,32740.93,5/29/23,Justin Boyd
29,21,35,69827.5,5/20/24,Anthony Morris
39,76,79,64017.58,2/9/22,Robert Greene
57,63,37,67194.05,5/10/21,Joseph Downs
60,71,74,73091.57,12/13/24,Jose Reed
32,38,50,22962.83,12/15/21,Michael Fletcher
22,74,69,23719.59,8/29/21,Darren Roberts
56,69,39,32143.43,8/16/20,James Henry
24,39,38,63177.45,12/12/22,Stephen West
50,78,78,56891.57,10/9/24,Jordan Hammond
33,22,21,20963.3,4/28/22,Mark Horton
46,37,51,75886.78,8/9/22,Bryan Fitzpatrick
66,69,30,51369.56,2/21/24,Randall Davis
41,61,61,87570.69,1/17/21,John Walker
74,54,47,9772.98,8/20/21,Joseph Barnett
59,35,48,41684.38,3/9/21,Scott Long
40,58,30,50091.04,12/26/21,Matthew Garner
78,62,35,35732.57,12/30/21,Thomas Brown
61,56,69,61288.68,12/23/23,Jonathan Roberts
58,77,39,23518.82,2/5/23,Steven Brandt
61,26,41,74111.35,11/29/20,Mark Boyd
69,64,75,87359.22,10/25/21,Timothy Martin
35,28,68,30543.45,7/10/22,Jordan Suarez
19,20,49,20679.68,9/13/24,Terry Houston
40,59,28,25203.07,6/16/22,Arthur Newman
59,48,18,68742.05,7/8/24,Adam Smith
43,63,62,78457.63,3/5/23,Harold Dean
72,68,63,78917.78,8/29/21,Robert Garcia
38,53,57,70216.5,6/15/21,Benjamin Williams
74,35,73,99427.83,2/4/25,Gregory Bailey
28,57,40,53218.65,5/19/21,Andrew Mcknight
43,22,67,3588.02,12/6/22,Daniel Randall
30,57,38,75422.38,12/26/22,James Roberts
55,77,45,9346.87,7/16/23,Mark Hall
30,26,30,61796.01,9/22/24,Todd Rangel
76,35,72,56216.9,3/28/25,Justin Anderson
38,61,29,18884.58,8/3/20,Alan Gordon II
22,26,75,50963.57,3/8/25,Todd Santiago
21,20,63,75835.17,12/26/23,Jeffrey Ballard
42,52,56,93511.43,3/12/25,Calvin Wright
71,37,29,69105.46,9/26/23,Daniel Humphrey
41,30,31,66100.43,8/17/23,John Rivera
53,40,58,24490.35,11/25/20,Tony Collier
61,28,49,2859.27,4/19/24,Bobby Jones
57,24,61,25238.55,10/4/20,John Rivera
68,78,70,27658.77,9/23/20,Justin Morgan
57,58,52,35728.18,7/26/22,Jonathan Carter
63,36,32,23435.47,5/15/25,Bruce Moreno
75,64,72,2993.99,1/24/21,Eric Sheppard
69,39,75,71318.71,9/16/20,Brian Sanders
76,65,25,73792.95,11/15/21,Casey Williams
46,79,43,75379.56,9/6/24,Gregory Torres
80,29,41,53389.26,12/8/21,Craig Estrada
38,68,41,48938.83,5/1/25,Richard Rodriguez
53,48,39,16463.21,3/14/25,Matthew Campbell
34,57,60,62613.72,8/28/21,Luis Wood
41,38,56,92192.58,3/9/24,James Sims
26,51,18,58697.52,9/1/20,James Murphy
51,71,25,1472.22,3/4/25,Charles Johnson
66,21,55,33850.39,4/29/25,Terry Thomas
58,25,23,68187.5,11/19/23,Mark Cannon
46,49,65,95687.66,4/13/25,Michael Blackburn
56,26,46,53840.92,8/5/23,William Reynolds
51,39,57,84165.01,3/19/25,Anthony Wade
31,20,51,48743.05,6/9/21,Robert Boone
55,55,53,20213.14,5/29/21,Steven Vasquez
46,39,69,41840,7/15/24,Jesse Zimmerman
53,53,53,79099.47,5/16/22,Samuel Morris
34,36,55,45859.32,1/19/23,Jim Nelson
41,29,53,21785.25,11/26/24,Jonathan Maldonado
73,66,42,88133.36,8/7/24,Benjamin Jones
40,36,48,21422.03,7/20/21,Daniel Wilson MD
29,20,64,48959.61,6/6/20,Jonathan Hughes
64,39,43,84829.17,1/2/22,Cory Boyd
28,42,38,95343.27,6/17/24,James Hernandez
46,76,30,62524.29,12/5/21,Christopher Ford
63,76,43,4396.31,12/8/24,Spencer Haynes
78,45,47,71181.64,12/14/20,Eric Pham
63,45,69,63980.42,1/28/25,Wyatt Davidson
29,25,71,99184.49,11/14/24,Jordan Obrien
71,76,62,25326.65,2/14/23,Tommy Campbell
68,55,51,36511.96,12/29/23,Michael Willis
62,78,77,43762.43,8/25/22,Anthony Gomez
66,19,45,65009.82,8/10/21,Edward Yu
32,58,69,37387.26,7/31/21,Darryl Turner
58,74,75,17798.83,11/9/24,Gregory Garcia
33,28,61,20061.46,7/21/22,Paul Johnston
77,60,71,55068.32,6/4/23,Steven Mcdaniel
70,43,29,2593.13,1/5/21,Cody Reid
35,42,53,23569.07,5/30/22,Charles Braun
70,68,32,58980.77,5/11/22,William Lynch
35,56,32,52819.33,7/1/20,Joshua Rivera
28,63,28,92680.06,8/21/22,Daniel Martinez
80,61,46,45132.34,5/4/25,Jordan Mcclure
61,20,69,27761.55,3/2/21,Steven Brown
47,33,74,28600.78,3/7/23,Patrick Johnson
68,30,78,75867.87,5/3/22,Timothy French
78,62,57,31519.03,4/4/23,Chad Hall
52,57,25,65894.5,1/2/24,Dan Greer
69,76,69,32003.53,10/19/23,John Lopez
77,64,54,44657.1,9/10/23,Howard King
51,66,75,92106.83,10/13/20,Mr. Nathan Thompson
70,59,62,51242.27,8/10/24,Kenneth Miller
54,61,67,88845.03,11/1/23,Patrick Burgess
80,43,47,71434.68,7/11/24,William Peterson
75,46,69,91209.11,3/26/24,Charles Cooper
57,73,39,92211.28,8/16/23,James Perkins
41,62,70,47627.49,9/25/22,Zachary Fischer
21,52,33,88184.32,10/8/22,Patrick Scott
25,60,46,67374.97,1/20/22,Alexander Carrillo
29,71,75,29018.68,9/16/24,Kevin Duffy
54,23,53,30306.29,7/1/22,Mark Mays
29,78,73,66215.97,10/4/23,Martin Parker
55,63,43,63418.83,6/24/20,Jeremy Haynes
24,77,62,81462.67,11/23/24,Tyler Gomez
56,46,59,23843.26,8/3/23,Mark Moses
34,62,38,84224.47,5/8/22,David Turner
41,57,23,18235.56,3/2/23,Ryan Pennington
25,32,42,5948.2,1/4/23,John Fox
43,35,48,54552.45,8/24/21,George Martinez
49,50,80,3985.62,12/23/22,Kevin Bennett
62,38,76,29938.7,11/5/24,Austin Norton
48,78,56,72103.39,6/30/21,Michael Sanders
48,77,36,73155.11,10/9/22,Robert Hill
61,65,24,69892.23,5/16/23,James Wade
57,46,58,43816.74,6/12/24,William Odonnell
58,23,74,55821.52,5/13/23,Daniel Little
47,64,77,15373.81,7/20/23,Phillip Thompson
33,59,37,35387.83,2/12/23,Kyle Marquez
73,65,69,87769.96,11/22/23,Raymond Callahan IV
51,46,40,24616.65,8/26/22,Edward Foster
32,29,51,87111.55,12/2/20,Thomas Palmer
51,30,42,68884.79,2/7/22,Nicholas Gutierrez
57,68,71,5393.21,3/23/24,Troy Stone
38,35,67,57354.92,11/9/24,Craig Hamilton
45,26,73,98268.33,2/28/24,Mr. Thomas Lucas
75,64,68,11445.65,7/19/22,Anthony Lee
31,19,65,38397.57,3/29/24,Jesse Rodriguez
44,44,80,31895.01,1/30/21,Andrew Clark
53,41,33,4933.69,3/26/24,Stephen Byrd
59,20,30,34701.74,2/14/21,Lawrence Sullivan
44,57,63,59763.46,8/6/24,Kevin Cuevas
36,32,51,24782.36,8/19/23,Gregory Mccarthy
45,47,70,22907.64,1/28/24,Peter Ortiz
63,75,40,51092.52,1/29/22,Bradley Giles
67,39,39,57995.35,6/13/20,Benjamin Watkins
59,29,48,58804.15,10/4/21,John Page
54,56,56,30153.86,12/16/22,Don Torres
31,66,57,45988.26,9/29/20,Corey Ryan
53,24,38,90498.49,7/14/23,Albert Morris
64,36,67,12681.15,10/26/22,Lawrence Orozco
41,70,44,23676.41,1/2/23,Thomas Davis
26,19,37,28577.52,11/14/24,Shaun Romero
44,60,75,69580.78,1/15/22,Peter Case
62,80,53,45552.35,6/9/24,Tyler Lopez
66,78,49,81415.54,12/18/20,Peter Navarro
45,74,45,77673.63,10/12/24,Michael Allen
79,26,73,80537.41,5/27/22,Douglas Walker
41,47,22,16502.34,9/4/21,Donald Patterson
56,51,32,28429.45,8/22/24,Jacob Richards
33,50,51,37105.96,2/6/23,Mark Miller
58,71,25,7851.4,8/23/22,Edward Jones
30,39,54,18743.11,9/24/20,Adam Davis
60,47,79,33562.37,12/27/24,Gregory Stewart
52,62,36,71865.52,9/6/21,Robert Jones
62,41,33,68442.11,6/13/21,Paul Pearson
79,25,65,66818.07,9/23/22,Michael Johnson
71,72,33,25509.05,3/10/23,Derek Cortez
30,27,68,4783.09,12/17/23,Dennis Dillon
53,71,57,66705.19,11/17/21,Matthew Fisher
75,76,29,67452.62,7/27/23,Glenn Crawford
19,18,45,5554.72,7/22/22,Paul Mcfarland Jr.
59,69,78,59813.33,3/25/21,Michael Hernandez
26,43,70,37441.92,10/20/22,Billy Jackson
60,19,45,42750.56,9/9/20,Todd Ward
38,62,39,10408.65,10/21/21,Jason Burns
65,51,44,85743.47,1/16/24,Frank Fletcher
40,74,28,88101.72,4/4/22,Bobby Smith
29,51,42,64971.81,12/26/20,Richard Thompson
71,24,28,42641.86,2/4/21,Wayne West
66,38,21,71969.89,8/21/24,Scott Morris
28,64,79,3782.14,5/26/24,Travis Black
45,24,58,94586.29,8/14/20,Robert Bryan
40,29,60,80980.83,4/15/24,Tyler Diaz
53,70,20,68477.99,5/28/22,Timothy Chen
79,72,54,35602.11,5/11/22,Ryan Snyder MD
36,47,72,33534,5/15/24,John Esparza
57,26,44,26977.12,9/18/21,Derek Fitzgerald
25,29,54,45371.37,7/3/24,Gregory Taylor
30,51,78,7582.57,8/17/21,Douglas Underwood
58,28,79,54737.22,2/13/24,Dennis Trevino
31,42,25,75252.62,10/11/24,Michael Alexander
77,58,65,61871.88,12/29/22,Charles Lee
63,25,56,25050.48,2/27/22,Jeffrey White
72,69,24,84055.86,8/30/20,Scott Adams
30,42,51,98081.1,5/11/23,Randall Mathews
51,78,66,27908.47,8/31/24,Brian Lopez
20,75,54,35818.58,12/10/20,Gary Martin
61,59,79,71592.74,6/10/24,Kyle Frazier
32,31,44,69671.97,8/25/24,Troy Smith
73,23,37,74942.86,5/26/23,Edward Mcclain
61,28,66,31104.91,1/2/21,Richard Hall
44,76,22,56861.38,4/11/22,James Gilbert
66,38,38,45687.46,10/1/21,Francisco Mann
47,80,47,43098.84,1/6/22,Matthew Morgan
70,74,32,9099.7,3/17/25,Mr. Marc Stevens
57,36,47,81166.89,12/8/23,Brandon Cervantes
34,40,64,87896.45,4/4/23,Ryan Rosario
42,60,35,61125.38,7/24/23,Paul Johnson
62,66,22,19983.78,10/13/21,Andre Gallagher
23,76,80,83653.2,8/19/21,Michael Frey
25,31,57,44958.34,12/13/24,Seth Riley
76,21,51,7144.12,8/27/21,Terry Jones
77,21,75,85789.36,1/19/23,Donald Yang
28,74,60,62018,7/30/21,Steven Moore
25,66,45,59432.96,7/31/22,Johnathan Blankenship
19,60,34,29243.24,1/28/22,Michael Marshall
76,56,71,10885.11,9/24/20,Brad Hanson
69,73,68,95787.46,7/20/22,James Fuentes
25,63,73,3033.01,1/28/22,Mark Reed
39,53,30,65231.27,4/2/24,Carlos Barnes
45,18,43,84692.39,10/14/20,Brian Young
29,52,53,39778.17,5/8/24,Tyler Johnson
77,60,31,88624.19,4/2/25,Taylor Cohen
57,19,47,69721.01,6/6/24,Ian Johnson
58,57,18,18650.1,8/28/21,Richard Travis
46,29,28,86952.11,11/29/21,Cory Gordon
58,77,20,92452.06,5/25/23,John Gonzalez
37,71,60,85410.03,7/14/20,Richard Graham
66,40,44,18606.85,12/9/24,Tony Phillips
31,57,41,18319.85,2/3/24,Gregory Castro
71,52,62,79480.35,8/3/24,Gordon Jacobs
64,59,43,97895.83,5/16/24,Andrew Smith
22,45,49,10000.28,8/15/24,Michael Harmon
35,46,36,20321.89,3/14/23,Allen Lewis
36,47,64,27046.79,1/22/21,Brandon Jones
33,52,39,84047.11,5/15/23,Christopher White
32,69,80,19195.53,4/22/25,Jeffrey Garcia
62,68,63,56963.2,7/28/20,Joe Garcia
49,67,32,65402.74,1/4/21,Steven Cordova PhD
25,31,32,73009.35,5/13/22,Francisco Edwards
61,19,71,28482.4,7/13/22,Mr. Jordan Gonzalez
64,68,19,8586.27,7/23/22,Hunter Williams
38,55,27,38548.77,10/11/21,Matthew Lynch
60,44,23,73885.82,7/22/24,Christopher Palmer
60,34,57,34797.99,7/14/20,Spencer Cole
28,77,29,30790.37,8/18/24,Douglas Young
54,62,77,91065.44,11/25/21,Jason Hayes
72,56,37,5308.73,10/31/22,Daniel Thompson
45,31,21,83690.01,2/1/24,Robert Peterson
69,19,40,28453.17,7/25/24,Daniel Jennings
59,18,40,68103.07,10/4/21,James Chase
70,69,52,97025.7,3/26/21,Troy Brown
80,80,20,8664.76,10/17/20,Tommy Curtis
50,57,78,90709.65,9/22/22,Kyle Roberts
23,22,75,80547.74,7/11/23,Matthew Sims
45,47,55,90973.07,8/31/22,Michael Smith
58,55,45,55946.7,4/11/25,Eric Yu
18,40,45,69688.45,2/17/25,Andres Horne
19,40,20,70214.17,12/12/20,Trevor Martin
77,69,30,34148.3,10/19/23,Vincent Merritt
27,52,72,51749.27,11/4/24,John Boone
68,38,66,94587.35,5/29/21,Douglas Jones
37,55,54,34782.48,6/27/22,Michael Lopez
59,70,57,88286.06,5/13/22,William Gray
80,18,46,14466.19,12/23/20,Andrew Shaw
27,23,30,63928.78,8/19/23,Michael Le
18,34,75,47747,12/15/21,Robert Palmer
50,65,58,45097.31,4/25/23,Richard Perez
41,41,39,63761.82,6/7/20,William Young
30,53,79,95479.7,9/22/22,Cristian Schmitt
46,39,18,66389.1,3/2/24,Matthew Young
72,80,50,84093.5,12/12/24,John Walker
76,51,19,60280.65,10/4/22,Steven Clark PhD
78,52,26,77967.41,7/16/20,Michael Brown
63,38,23,32359.8,8/11/20,Kenneth Black
61,69,60,24126.14,10/24/23,Sean Allen
69,55,39,31332.11,11/7/22,Joshua Dalton
22,25,76,59741.41,1/30/22,Jacob Simon
76,64,73,4755.45,9/9/20,Jack Gonzalez
58,62,42,97631.28,2/19/24,Ricky Mccormick
41,39,18,46362.85,8/25/22,Andrew Perez
23,26,21,90707.37,3/6/22,Daniel Adams
80,49,80,73575.63,7/19/20,Joshua Jones
59,75,41,64191.46,12/1/24,Larry Woods
30,48,24,37509.54,7/25/20,Nicholas Welch
77,73,70,18870.54,5/4/23,Robert Lynch
74,26,57,67697.83,9/1/21,Joseph Holloway
43,30,18,13944.19,12/31/20,David Mahoney
43,46,20,93469.58,4/24/24,Joel Reynolds
77,48,26,97771.59,3/13/23,Jonathan Frye
53,62,25,39998.27,5/29/24,Brett Herman
57,62,38,69640.19,7/29/22,Todd Mason
19,70,79,23405.76,2/22/24,Benjamin Thompson
61,74,36,87093.35,5/3/21,Christopher Becker
52,57,26,1235.18,6/12/23,Justin Holt
74,32,56,7581.58,9/15/22,Louis Mendoza
56,65,64,89192.86,11/8/20,Andre Patterson
27,60,44,82373.69,6/9/21,William Lamb
29,32,28,61582.99,11/4/24,Devin Bridges
23,28,72,9795.98,12/10/20,Douglas Browning
59,37,64,95319.23,3/5/21,Vincent Mendez
65,29,75,25509.14,8/5/23,Travis Mejia
51,78,47,37969.43,2/7/24,Robert Haynes
38,53,31,18252.81,11/20/24,Vincent Hamilton
57,46,67,24571.13,5/16/25,John Stevenson
69,73,44,98483.72,7/4/23,Mark Luna
64,31,74,3258.58,5/6/21,Matthew Friedman
31,55,27,60186.5,2/22/23,Jose Simmons
76,26,73,49244.05,8/10/23,William Hall
21,55,35,18209.83,12/26/21,Christopher Curtis
60,32,28,31627.2,5/21/24,Johnny Davis
74,28,66,94315.36,11/28/23,Chris Russo
43,33,37,83245.51,7/5/22,Earl Williams
51,67,18,43134.07,3/16/22,James Harvey
76,55,68,53398.45,1/6/23,Michael Miller
55,65,64,25056.27,6/15/24,Michael Stewart
61,54,66,97670.86,2/16/22,Mr. Billy Bell DDS
28,48,60,19862.85,1/30/22,James Conrad
35,56,35,16699.31,9/26/24,Jesse Hayden
40,46,56,53286.86,1/8/21,Justin Kelly
61,66,26,19894.16,12/28/24,Michael Lamb
29,66,34,3684.88,2/17/25,Phillip Davies
59,69,56,3434.37,3/30/23,Blake Schaefer
33,71,64,96188.16,12/27/23,Nicholas Weber
71,22,46,80605.78,10/10/23,Brian Harrison
36,53,42,74038.27,8/28/22,Rick Jackson
41,68,29,62637.73,4/5/22,Ryan Barnett
55,68,23,93995.28,12/14/24,Christopher Johnson
80,54,68,17667.82,1/11/24,Jason Cortez
77,28,31,16829.37,11/1/24,Matthew Thompson
33,75,51,45392.4,9/8/21,Gary Harrell
57,78,36,93548.15,8/12/21,Billy Smith
63,35,72,79779.04,5/31/24,Ian Sherman
50,46,26,6922.56,1/22/24,Daniel Carroll
73,65,25,46242.72,4/20/24,Kyle Lewis
79,32,30,4402.19,7/15/20,George Stokes
27,61,52,71694.23,4/3/25,Daniel Massey
59,37,19,61218.28,5/7/22,Tyler Collins
44,62,57,79665.78,8/3/24,Peter Watson
18,68,26,47113.81,7/2/23,Joshua Paul
73,58,47,33291.26,4/3/22,James George
56,44,32,62814.8,1/5/25,Joseph Figueroa
30,36,54,36910.11,8/7/22,Michael Medina
48,61,52,23084.57,3/15/23,David Bridges
33,76,27,71446,10/27/22,Thomas Stephens
67,35,43,35943.67,1/16/25,Mr. Adrian Cooper
71,30,78,7665.77,9/22/21,Anthony Turner
59,53,18,6673.82,2/26/24,Kevin Houston
77,25,23,74055.25,1/9/24,Andrew Smith
73,67,53,68231.36,12/12/20,David Mcgrath
71,41,67,41045.75,9/5/23,David Scott
57,58,23,70290.74,5/31/25,David Moore
55,30,48,86336.49,11/25/24,Guy Robbins
80,56,26,56848.93,1/28/25,Brandon Holland
33,19,24,37414.2,2/23/21,John Hensley
73,51,51,68936.41,5/16/24,Kenneth Foster
68,75,41,27553.13,10/20/24,Kevin Lewis
46,18,21,96291.6,5/25/24,Jesse Smith
70,42,31,66879.89,9/22/21,James Jones
44,35,50,64068.86,6/20/23,Shawn Khan
52,72,68,67458.03,3/26/21,Todd Moyer
48,38,32,21754.95,4/7/22,Anthony Deleon
59,30,61,89243.44,5/24/24,Adam Hughes
47,44,68,24001.58,6/24/24,David Landry
64,28,20,95646.17,12/9/23,Stephen Carter
45,34,62,68691.21,8/3/22,John Morrison
74,71,19,38670.25,6/15/20,Joseph Blair
72,31,66,17744.21,4/26/23,Craig Dyer
76,67,19,26990.39,12/24/21,Kevin Burch
53,56,21,84236.01,6/13/22,Carlos Barrett
49,56,59,80343.2,10/18/21,Jason Wilson
54,69,56,55586.94,2/28/25,Terry Hendrix
47,64,41,68016.36,9/15/20,Alexander Wang
42,40,72,51316.28,9/17/21,Jason Gardner
73,60,64,75487.53,4/8/22,David Reid
57,76,73,57579.46,1/11/23,James Williams
23,19,37,1125.81,6/28/22,Nathaniel Gutierrez
52,71,18,40539.91,7/5/23,Edwin Davis
20,55,47,63235.61,1/15/24,Steven Clark
61,21,22,36278.2,1/23/22,Jeremy Larson
37,75,54,66824.53,7/1/24,Wyatt Snyder
80,39,41,76705.42,10/21/24,Kyle Valenzuela
34,69,65,57568.06,3/19/22,Matthew Bailey
66,75,35,75771.32,12/12/21,James Cross
24,30,48,64589.18,2/17/23,John Thompson
58,54,70,53243.86,10/1/21,Jesus Cox
18,74,57,46638.78,1/20/22,Nathaniel Dawson
41,49,24,28639.82,9/20/24,David Munoz
18,54,62,15909.78,3/20/22,Scott Whitehead
62,50,58,63797,5/19/25,Brandon Lee
65,39,55,23654.31,7/28/22,Dwayne Guerrero
43,33,42,54222.85,12/18/23,Scott Cook
75,20,75,78275.33,12/8/23,Clifford Reed
63,74,68,97949.32,1/17/24,Mr. Roberto Mcdonald
37,51,55,67232.28,8/25/22,Antonio Johnson
80,21,71,67307.42,10/12/23,Randy Dominguez
75,22,25,44323.95,5/27/24,Charles Martinez
79,70,21,40172.17,7/7/20,Joseph Pierce
33,19,65,40878.77,9/13/23,Michael Guerrero
42,64,23,84395.28,9/24/23,Mr. Paul Miller
42,30,48,52598.55,12/21/21,Kenneth Adams
35,75,46,60875.62,9/5/23,Stephen Chan
27,26,77,86414.48,11/12/22,Eugene Roman
77,54,20,59631.97,3/31/22,Jason Miller
47,54,67,20993.69,11/13/24,Lawrence Carlson
64,30,25,14360.3,6/27/23,Adam Schneider
34,76,20,48650.12,9/26/24,Matthew Martin
49,75,68,52340.87,11/17/23,Hector Jarvis
53,43,29,96448.93,10/27/21,Ryan Price
18,43,63,22200.25,6/22/22,Daniel Richards
49,78,44,56863.54,11/22/23,Terry Garner
47,46,75,18346.26,8/14/20,Justin Trujillo
69,37,35,97432.7,10/30/22,Scott Bishop
22,60,67,94036.92,10/13/23,William Colon
45,18,43,48637.23,10/25/21,Arthur Harmon
21,77,74,24547.3,11/1/23,Jacob Keith
23,25,22,54143.67,4/19/22,Brandon Hart MD
39,55,40,6056.52,9/19/24,Robert Green
45,51,34,75332.62,9/18/24,Bruce Shepard
59,20,42,94287.35,11/27/22,Robert Howell
28,72,63,7397.99,6/22/20,Erik Williams
20,64,78,49015.86,6/21/23,Matthew Barton
37,72,65,46408.39,5/25/22,Joshua Cook
55,40,37,4402.47,1/30/25,Aaron Alvarado
28,76,61,27766.58,3/2/23,James Robinson
63,58,36,74828.65,9/30/23,Carl Turner
37,74,55,71824.09,10/15/22,Terry Lutz
69,73,64,94280.89,8/6/20,Stephen Arnold
57,61,18,33422.87,9/1/23,Jeffrey Clay
49,21,52,7725.04,8/14/22,Anthony Lee
79,70,75,22597.22,4/5/24,Craig Middleton
70,38,40,94315.23,8/5/20,Daniel Anderson
44,30,51,41010.2,2/15/22,Mason Levine
71,18,54,77160.27,4/1/24,Logan Davis
50,80,55,81726.32,7/22/21,Eric Murray
29,26,42,50273.53,7/18/24,Taylor Evans
77,50,71,3474.4,4/27/22,David Matthews
66,55,75,55680.04,9/15/22,Michael Lopez
77,29,58,10278.67,10/28/20,Jerry Wiggins
52,69,37,76921.64,3/1/24,Charles Ferguson
19,37,65,43602.01,3/14/23,Larry Burgess
53,47,52,62705.75,12/4/20,Mark Nguyen
59,38,39,9924.74,4/1/21,Gary Buchanan
48,71,25,54004.21,3/5/22,Jared Rogers
66,47,54,13522.13,3/2/23,Alexander Edwards
56,61,73,41702.33,4/15/23,Mathew Garcia
46,37,27,74491.5,7/26/24,Matthew Guzman
44,71,52,71760.49,8/11/21,Dustin Holt
19,78,37,42847.21,5/22/21,Jacob Carter
61,34,19,65209.99,10/24/23,Thomas Lucero
34,64,72,33604,4/2/23,Jason Atkinson
54,49,48,94895.36,3/6/25,David Phillips
70,66,47,60441.61,10/19/24,Aaron Gilbert
56,58,68,86422.87,3/21/21,Samuel Reynolds
30,30,71,21229.23,9/19/22,Benjamin Miller
66,63,67,97673.82,12/9/20,Kevin Wright
56,53,23,58766.47,7/1/24,Gregory Jones
36,29,70,62218.26,2/25/23,Jeremiah Floyd
39,55,47,64760.1,7/2/23,Jorge Wright
50,57,62,53951.5,4/3/24,Brandon Gould
66,71,73,12734.88,12/15/23,Jason Hopkins
19,28,75,64363.78,10/3/21,Brandon Dickerson
61,35,40,70786.68,9/17/20,Christian Miller
39,39,37,22216.54,6/28/22,Chad Liu
23,46,56,35054.56,2/1/23,Calvin Hayes
70,18,75,93934.61,2/25/22,Blake Sullivan
56,26,68,77457.7,2/3/22,Joshua Vasquez
76,20,42,30211.4,7/12/23,Joshua Morris
70,51,19,60767.86,3/27/24,Michael Walker
57,21,42,18774.63,4/29/23,John Graham
61,67,33,22924.15,5/30/21,Timothy Barber
31,30,65,69980.8,8/22/23,Matthew Hamilton
37,60,65,85608.93,4/1/21,Ronnie Miller
20,62,51,19982.59,8/20/20,Brian Scott
34,26,38,77364.99,2/16/25,David Acosta
19,54,43,68419.03,8/11/24,Christopher Marsh
27,34,39,4501.03,11/22/23,Matthew Johnson
75,69,30,33650.24,6/30/24,Alan Blair
39,20,24,54533.59,8/14/23,Stephen Ramirez
60,31,20,13274.74,2/20/23,William Johnson
21,69,22,68868.94,7/2/22,Darin Walker
55,54,64,59384.27,9/4/20,Matthew Velez
59,79,67,5436.86,3/22/25,Brian Rios
35,41,77,45337.58,9/4/24,Andrew Gonzalez
36,36,40,47632.77,10/7/20,James Colon
60,19,56,7321.01,1/3/23,Justin Jones
19,49,28,32225.94,5/15/22,Jaime Mcdonald
32,76,31,64988.46,9/23/24,Kevin Parker
27,47,33,81601.52,11/23/24,Zachary Long
67,62,49,39918.49,2/21/25,Thomas Torres
68,69,39,96903.14,7/10/24,Donald Montes
41,55,38,19122.27,3/6/22,Corey Perez
31,64,24,17107.16,11/6/21,William Ortiz
62,72,19,32770.63,11/29/23,Nathan Roberts
20,38,42,84679.92,6/4/21,Patrick Rice
19,21,79,43646.44,6/3/24,David Moore
31,54,66,1490.58,8/26/23,Bryan Moss
60,76,42,91483.56,3/29/22,Colin Meyers
47,36,38,89796.57,6/2/25,Evan Benjamin
30,34,45,87948.81,11/14/22,Benjamin Chan
58,43,60,97785.49,12/2/21,John Brown
34,19,54,70449.26,8/7/23,Timothy Thompson
20,24,59,23261.75,8/7/23,Jimmy Cook
41,30,41,64598.49,2/25/23,Andrew Burton
18,26,71,21567.32,9/18/23,Dustin Dominguez
74,66,62,35181.87,11/4/20,Phillip Rodriguez
78,18,31,43957.37,6/4/24,Logan Gonzalez
23,69,38,28663.39,2/17/23,Jesse Smith
40,55,69,98072.92,8/3/20,Craig Marshall II
56,52,46,76700.13,1/1/21,Brian Campbell
29,75,18,67094.48,7/30/24,Joseph Mclean
56,31,70,10541.01,10/1/22,Anthony Dickerson
67,66,26,39765.67,12/24/23,Eric Vasquez
79,32,24,71496.87,12/4/21,Ivan Simmons
80,51,20,61469,7/28/21,Jeffrey Reilly
67,73,72,48228.27,4/4/25,Dustin Carter
78,26,21,4744.74,12/23/20,Eric Campbell
60,60,33,6191.56,9/11/23,Kenneth Torres
39,54,44,22353.08,11/3/21,Matthew Levy
24,26,69,67741.13,8/3/23,Lee Nunez
25,29,61,41965.61,9/10/20,Walter Miller
59,63,26,70262.02,4/3/22,Jerry Berry
60,71,29,56832.22,6/6/20,Tim Holland
61,24,80,42620.83,11/3/20,Eric Salazar
34,63,27,95010.61,5/17/24,Robert Church
23,28,27,83479.61,12/19/22,Jack Murillo
67,78,53,76195.74,11/27/23,Anthony Carter
64,35,35,92181.92,8/12/20,Anthony Cain
59,80,68,84368.29,5/4/24,George Schmidt
25,41,72,74908.11,2/16/24,Joshua Humphrey
24,63,30,12262.63,12/24/24,Anthony Francis
19,25,61,67546.94,2/9/25,Tyler Smith
25,49,79,10968.4,8/18/21,Antonio Jones
49,57,54,45013.36,10/7/21,Anthony Henry
55,62,52,2744.94,1/14/22,Christopher Frye
35,42,23,76065.78,6/28/22,Michael Anderson
45,41,32,7444.41,6/9/23,Keith Carter
19,23,27,9674.97,12/24/24,Daniel Walker
76,36,71,24533.69,8/6/20,Michael Anderson
25,23,68,79104.3,1/17/23,Mr. Robert West
71,27,31,78872.55,1/24/23,Anthony Hunter
61,27,63,59259.14,9/6/23,Nathan Stanley
57,43,64,5490.5,12/12/24,Robert Morris
41,76,25,93460.14,4/29/24,Samuel Holder
29,73,59,99781.94,1/23/22,Stephen Bradford
77,67,27,30878.81,4/3/25,Steven Walton
44,79,60,13661.58,8/16/23,Michael Pearson
39,18,50,9379.02,8/10/22,Ryan Morrow
78,47,30,61329.67,2/12/25,Mark Bradley
23,33,44,7463.83,4/18/24,Eugene Mullins
68,18,38,12134.05,7/3/20,Charles Graham
19,69,74,52092.69,4/29/22,Rodney Bray
45,40,53,13743.89,12/18/24,Craig Flynn
71,64,29,31976.59,4/10/24,Michael Lloyd
48,56,76,39804.49,9/5/24,David Mahoney
23,20,43,49495.53,12/5/24,Brent Kennedy
47,59,27,50650.21,9/16/22,Omar Jarvis
44,45,48,79619.34,8/29/24,Cameron Richardson
36,71,75,35655.47,11/20/22,Michael Davidson
68,46,74,97886.49,10/27/22,Derek Castillo
18,28,23,2364.49,5/3/24,Darren Burke
37,77,72,20583.12,1/31/23,Jose Lopez
48,55,45,63236.55,8/3/24,Anthony Montgomery
46,24,25,19720.74,12/14/24,Patrick Brewer
26,72,48,91266.3,11/5/21,Anthony Green
62,56,62,16839.64,11/20/24,Jacob Jennings
24,20,27,5049.48,3/21/24,Christopher Stevens
42,54,69,6404.54,10/22/24,John Cooper
40,72,49,34319.33,10/19/24,Zachary Clark
79,55,39,34465.49,8/26/24,David Duffy
36,34,47,26504.37,6/3/22,Brandon Gibson
21,23,69,14648.53,7/19/21,Elijah Garza
77,67,36,56801.84,2/15/21,Darryl Davidson Jr.
31,54,75,5279.33,11/14/22,Isaiah David
40,65,49,7274.65,9/17/24,Roberto Oneal
27,73,39,38319.17,11/9/20,Dr. Christopher Zimmerman
66,49,29,46076.35,1/25/25,Jason Garza
56,59,53,48684.18,3/12/25,Chase Schultz
77,74,71,48084.8,11/14/24,Justin Foster
23,65,40,91524.26,7/24/23,Richard Wagner
64,61,30,38275.39,3/10/22,Edgar Parker
41,23,66,11878.89,11/12/24,Gordon Brooks
35,59,49,41509.25,6/4/23,Rodney Walker
43,27,77,59832.96,7/15/20,Aaron Marquez
69,48,37,55382.54,2/16/22,Michael Donaldson
76,18,41,68495.44,2/16/22,Mr. Juan Ryan
56,22,46,62844.57,10/1/24,Roger Nelson
64,46,42,74679.62,8/12/24,Seth Stewart
19,38,28,30272.68,5/14/23,John Williams
55,78,33,77126.44,8/23/21,Kevin Edwards DDS
32,78,39,38700.77,2/26/24,Christopher Lee
56,25,38,49080.64,1/16/24,Brandon Phillips
36,43,39,72037.87,4/4/24,Devon Lucas
74,51,33,64814.75,2/2/24,Steven Ray
46,46,47,82368.73,2/14/24,Michael Brooks
54,34,75,23112.35,6/11/20,Hector Hart
21,70,66,43483.74,2/6/23,Mike Clark
56,33,57,19411.95,6/15/24,Jeffrey Jones
57,35,43,99364.33,4/7/21,Adam Willis
54,37,51,44308.67,2/18/24,David Jacobson
61,76,33,29190.51,1/30/21,Dr. Joshua Guzman
38,38,51,83806.39,7/26/22,Gary Nelson
78,23,28,28400.68,4/14/24,George Moore
56,23,63,75017.54,8/9/22,Gary Howell
52,54,79,5201.61,9/14/23,Henry Hernandez
74,64,29,65082.19,1/1/21,Jonathan Ford
69,63,67,48625.69,6/28/23,Tracy Zimmerman
32,23,48,1552.55,5/23/22,Jeffrey Smith
77,36,38,62055.03,7/19/20,David Stein
68,71,44,48279.43,12/29/20,Jose Vasquez
19,62,43,74748.56,1/13/24,Nicholas Guerra
38,65,37,91532.57,12/22/22,Albert Cole
65,67,70,35211.31,1/18/24,Kyle Duncan
78,70,78,82385.49,5/8/25,Todd Sosa
59,68,21,40594.3,10/31/21,David Nelson
54,61,21,73489.63,9/8/20,Leroy Bell
80,69,48,3492.99,10/10/22,Dustin Williamson
37,33,77,76729.3,8/31/24,Tyler Jones
56,45,33,72841.36,4/10/25,James White
69,62,46,82541.28,6/19/21,Harry Richardson
46,47,19,55568.52,8/19/21,Gregory White
74,61,52,59003.56,7/2/24,Francisco Anderson
63,68,56,5360.21,11/10/24,Jason Mejia
38,29,41,85736.62,11/2/21,Benjamin Andrews
74,59,33,24538.78,8/20/24,Timothy Reyes
80,52,28,15898.35,11/3/24,Mike Gonzales
54,64,19,15600.27,1/5/25,Willie Wright
29,78,44,2416.84,5/7/21,Adam Green
18,27,43,95169.37,7/29/20,Steven Terry
56,67,46,18326.64,1/13/21,Jeffrey Navarro
50,29,78,79161.19,2/13/23,Robert Boyle
41,64,76,1610.42,9/20/20,Richard Sosa
73,78,73,25506.3,9/25/21,Daniel Jones
54,30,37,7680.98,3/21/21,Derek Hoffman
19,59,79,1505.98,2/12/24,Andre Franklin
42,33,54,45839.29,10/31/20,Scott Anderson
30,78,18,61093.5,2/6/21,Andrew Rios
25,38,52,40246.94,3/10/23,Thomas Padilla
71,23,37,36319.27,2/17/21,Mark Roberts
60,27,25,29865.13,9/12/23,Andrew Cook
78,72,54,90666.65,7/25/24,Robert Green
47,69,32,70716.24,6/20/20,Michael Miller
47,51,36,69569.14,1/10/23,Eric Walls
53,47,73,11824.96,3/19/22,James Olson
19,20,29,93333.89,11/1/20,Gabriel Smith
18,69,33,19600.84,10/28/21,Benjamin Riddle
29,78,67,50396.98,2/5/22,Jose Clark
40,54,70,41903.76,2/28/21,Ernest Thompson
62,46,29,1956.58,4/8/25,Ricardo Evans
37,54,28,66922.81,5/15/24,Thomas Silva
38,66,39,50015.28,4/29/23,James Anderson
48,35,36,4246.37,3/26/22,Jason Oneal
58,74,29,64195.61,11/6/21,Shawn Lara
63,52,62,93270.1,9/26/23,Brandon Gray
47,66,63,68522.01,9/14/22,Robert James
59,76,28,88117.83,6/2/22,Christopher Murphy
18,53,36,13503.42,5/17/22,Thomas Johnson
45,46,42,75955.74,1/15/24,Matthew Lewis
58,67,49,37826.23,5/6/25,Dustin Hull
20,43,74,54632.7,7/5/20,Dr. Jonathan Diaz
55,60,23,33232.65,1/18/24,Nicholas Graham
52,70,18,2747.54,4/29/22,Jared Gonzalez
46,20,44,57805.23,4/21/21,James Ray
60,25,80,20604.25,5/19/25,Joseph Willis
28,71,25,34448.56,12/30/23,Andre Garrison
70,19,32,23780.59,5/19/22,Stephen Vance
27,70,58,25113.7,5/26/23,Robert Gould
54,51,70,35915.61,1/17/23,Shawn Kirby
72,63,26,83047.16,12/30/24,Dr. Benjamin Williams
56,45,80,34536.55,6/21/20,Brandon Francis
50,76,33,81922.39,7/19/20,Marcus Grimes
45,52,35,31543.61,6/29/22,Johnny Alvarez
80,38,79,84643.59,3/17/24,Jason Johnson
23,39,57,21438.3,7/13/24,Scott Myers
51,66,48,24826.31,6/17/22,James Green
37,62,61,63287,2/26/25,Daniel Cohen
56,58,60,16351.33,8/30/22,Michael White
39,29,25,62439.4,8/11/20,David Kelly
74,72,33,25722.48,4/30/24,Travis Collier
69,73,55,37933.26,7/8/24,David Stone
32,48,55,81299.91,9/18/20,Larry Schmitt
51,45,54,47879.85,11/1/24,Joshua Cook
80,38,76,74878.31,4/5/22,Justin Johnson
45,59,30,45537.76,11/24/24,Dustin Taylor
27,25,71,71478.44,1/12/23,Johnny Powell
57,35,80,3401.42,4/6/25,Thomas Johnson
44,50,37,8059.74,10/19/24,Daniel Jackson
70,18,36,48071.56,3/2/21,Colin Young
45,36,63,93799.12,1/14/25,William Joyce
28,80,78,81195.63,12/28/20,Todd Brady
25,79,39,53131.41,7/15/21,Ryan White
40,53,72,66977.73,7/1/23,Bradley Wright
73,37,21,38539.82,6/8/21,Kyle Turner
64,47,43,42217.12,5/28/25,Ryan Wilson
68,33,26,14540.44,2/21/21,Brian Hernandez
23,29,48,51682.5,10/26/22,Christopher Fleming
22,26,36,88156.88,11/13/20,Mike Bernard
40,70,50,64070.77,7/12/23,Paul Valentine
77,64,48,26354.38,3/27/25,Dakota Marshall
38,35,71,2964.53,1/13/24,Austin Gomez
20,45,64,26987.52,3/12/25,Jeremy Taylor
37,55,34,36936.06,10/5/22,Justin Fitzgerald
26,56,58,36936.45,10/1/24,Christopher Padilla
62,68,54,26958.88,1/30/21,Jeremy Hunt
65,31,53,38627.73,3/2/21,Andrew West
32,44,18,39948.96,10/18/23,Kevin Wells
21,55,54,9342.43,11/15/23,Sean Williams
57,67,77,50123.61,5/13/21,Johnny Martin
45,49,23,18062.28,12/16/24,John Walker
37,63,68,17061.58,4/6/22,Gary Tran
58,52,75,30024.6,3/2/21,Edwin Gardner
75,64,71,13019.48,1/17/23,Mr. Juan Garza
60,56,47,24994.62,9/30/23,Louis Miranda
39,41,73,46302.57,12/13/23,Derek Jones
30,32,64,50357.6,6/25/20,Anthony Spencer
79,25,18,8079.75,3/28/23,Nicholas Campbell
53,26,50,21453.93,8/23/20,Juan Peterson
39,69,27,44929.48,9/7/23,Jeremy Knox
43,54,55,30613.01,3/15/25,Nicholas Black
51,20,20,29510.14,6/28/22,Frank Mays
67,53,72,56479.47,3/6/21,Christopher Davis
39,32,38,57941.31,8/29/20,James Moore
52,29,33,60293.79,7/4/22,Chase Garcia
66,48,44,79936.85,6/9/21,Benjamin Nolan
66,58,55,55107.91,5/4/22,Nicholas Neal
54,49,67,45324.77,3/9/23,Ronald Bailey
41,27,62,86609.67,10/31/23,Cole Park
30,46,77,24496.18,1/2/23,Eric Mason
76,46,66,74315.99,1/26/21,Jeffrey Zavala
72,38,27,94985.5,8/18/23,Kenneth Kennedy
48,54,58,95132.25,11/6/24,Matthew Carter
44,66,55,63119.29,9/10/24,Christopher Monroe
66,44,54,87809.39,7/22/22,John Holmes
79,46,64,72178.16,8/11/23,Paul Calderon
49,74,51,6978.23,2/18/24,Michael Ortiz
72,71,21,16969.5,11/7/22,Marvin Lee
40,56,56,3763.01,5/25/23,Christopher Harris
39,33,60,2725.32,8/31/22,Christopher Jefferson
74,74,21,98433.26,3/16/21,Sean Griffin
53,23,31,21180.82,9/13/23,Gordon Nunez
34,76,59,48894.39,6/27/20,Bradley Perry
52,21,33,25782.85,8/27/24,Stephen Ingram
48,48,30,90817.08,9/1/22,Alejandro Robertson
53,34,66,51184.9,8/25/24,Martin Klein
38,52,49,97883.88,2/4/21,Henry Gomez
29,43,40,61301.87,7/22/22,Kevin Carter
19,58,21,59343.83,10/4/23,Leonard Lopez
36,22,20,51302.09,6/13/24,David Levy
43,48,45,97669.69,2/10/22,Darius Houston
75,45,70,22265.94,8/25/20,Glenn Esparza
62,51,28,50325.98,2/24/25,Mr. Alexander Garcia
28,29,19,4933.71,6/3/24,Ryan Jones
28,48,25,86517.41,1/31/22,Oscar Richardson
74,61,44,41850.27,11/12/24,Alan Krause
33,65,37,62916.58,12/1/24,Marc Orozco
76,18,21,46649.92,1/28/24,Christopher Sellers
18,33,62,48699.15,7/27/24,Mr. Mark Brock
62,35,73,10638.8,5/13/23,Micheal Murphy
32,78,38,16519.79,4/6/21,Jose Davidson
31,57,44,10449.45,11/12/22,Bryan Davis
40,49,42,18974.64,11/17/23,Ryan Martin
33,50,38,94641.5,1/30/21,Bryan Brown
34,56,38,33430.35,1/24/25,Angel Burton
75,62,57,2030.89,8/22/21,Jesus Blackwell
49,73,21,48035,1/9/25,Charles Newton
43,47,69,83257.26,10/3/21,Antonio Simpson
45,38,73,83724.88,7/4/24,Gregory Mccormick
38,60,46,66281.87,3/26/21,Benjamin Wu
64,41,69,58948.03,8/2/20,Joseph George
78,24,30,40774.44,5/28/23,Edward Marquez
28,73,57,37395.67,1/10/25,Robert Le
48,70,46,77260.56,10/16/22,Justin Hartman
47,35,73,93422.22,4/8/23,Tyler Owens
62,49,42,4465.99,10/31/20,Jacob Cantrell
36,61,64,79586.08,8/8/21,Nathaniel Gaines
62,73,47,18180.87,12/14/20,Michael Rodriguez
38,36,78,34490.26,7/8/21,Chris Parsons
18,76,59,94264.89,3/13/21,Mark Mcpherson
72,26,72,87224.95,3/5/21,Cameron Shepard
68,19,74,2817.53,4/3/24,Shawn Ellis
74,27,33,30384.06,11/16/22,Chris Nash
66,48,76,94553.9,3/15/23,Steven Bell
78,38,42,6548.34,2/10/21,Brian Schultz
35,41,42,21607.39,11/28/23,Jeremy Miller
23,65,45,30297.52,8/13/20,Justin Davis
80,40,58,38119.24,12/8/22,Mark Lewis
78,34,19,36710,12/16/24,Steven Kim
40,23,30,45103.52,10/24/23,Harold Clark
80,76,55,22545.88,1/12/24,Jacob Nguyen
42,48,18,19707.13,1/14/23,Stephen Walker
58,69,34,19630.88,10/6/21,Dylan Shaw
30,73,39,97820.88,3/29/22,Aaron Garcia
62,67,58,21226.7,1/31/23,Matthew Guzman
47,21,27,74509.68,8/3/24,Daniel Bailey
39,67,76,69676.85,4/11/21,Paul Long
46,72,53,76583.89,10/17/21,Thomas Rodriguez
62,58,25,10817.6,12/14/23,Mr. Johnny Thompson
18,57,77,95096.62,12/16/23,Dylan Guzman
51,72,24,97146.24,6/20/21,Joshua Jensen
49,43,64,7935.77,7/12/23,David Mathews
27,66,20,8860.08,10/2/21,Joseph Burns
59,20,29,1402.35,4/9/23,Elijah Jacobson
31,69,62,87416.1,5/9/22,Ryan Davis
68,76,24,72515.07,8/30/24,Sean Armstrong
54,21,41,98843.88,12/5/21,John Smith
27,60,70,85846.44,10/3/23,Richard Perez
41,56,52,95977.18,10/8/23,Willie Kim
42,24,63,92477.75,8/15/20,Larry Hamilton
77,59,44,19074.65,12/29/21,George Harris Jr.
20,72,38,94402.43,12/19/23,David Li
41,56,80,83781.65,3/11/25,Patrick Estrada
75,18,80,18583.34,3/9/22,Jeffrey Clark
47,21,54,22314.94,6/2/24,Gary Lee
63,49,32,57186.14,7/25/23,Christopher Sanders
20,27,76,62234.19,4/21/23,Joel Bowen
77,64,57,49019.74,11/5/23,Christopher Nash
65,50,47,75292.19,7/10/24,Robert Lester
41,19,70,73469.22,6/7/20,Sean Baxter
62,30,42,4654.43,1/11/22,James Walter PhD
41,41,73,28198.28,8/22/20,Mr. Jacob Campbell
18,34,42,36162.37,4/12/22,Martin Floyd
36,58,36,87677.98,9/2/24,James Watson
77,74,70,61169.47,1/3/24,Bryan Maldonado
70,77,71,6706.92,4/2/21,Daniel Oconnor
73,70,20,65887.5,10/16/23,Corey Duncan
32,35,33,1913.51,11/9/24,John Carney
76,37,32,43719.85,4/9/24,Mathew Taylor
31,54,18,47571.11,8/6/23,Christopher Moses
20,39,32,55968.24,1/28/22,William Brown
44,69,28,15780.81,12/30/24,Gary Walker
28,39,26,80202.46,12/17/21,Jeffrey Willis
21,71,57,57158.75,4/25/21,Michael Peterson
29,25,23,7363.93,8/9/22,Henry Buckley
42,39,72,49643.05,8/8/24,Adam Martin
29,45,24,73809.89,4/28/23,Logan Baker MD
65,60,76,39580.85,8/8/20,Benjamin Robinson
24,60,31,2999.35,9/2/21,Robert Anderson
19,55,41,24368.62,8/28/24,Logan Garrison
52,21,29,90262.95,2/18/25,Daniel Ruiz
23,80,47,7106.31,12/30/23,Terry Perkins
60,20,56,13620.53,6/6/20,Garrett Kline
25,20,18,45789.23,7/16/23,Daniel Jones
41,65,42,46411.93,9/25/20,John Shannon
49,49,41,69442.57,7/16/21,Anthony Lucas
24,70,37,52280.87,2/12/23,Mason Garcia
44,78,34,63572.08,8/13/20,Paul Cannon
52,40,35,16747.67,12/26/20,Erik Smith
78,43,58,79514.59,7/21/23,Brent White
52,23,54,42381.73,10/29/21,Gabriel Singh
52,38,32,21871.36,7/29/22,Andrew Carr
21,27,33,90395.09,12/23/24,Brian Duncan
73,61,27,50374.71,8/14/22,Alex Shaw
69,40,77,20917.35,11/25/21,Peter Reed
34,40,29,4374.21,12/29/24,Angel Stone
56,49,47,55496.6,7/4/23,Michael Harrison
61,65,47,66366.88,3/12/25,Daniel Burgess
66,25,53,82489.35,4/20/25,Douglas Anderson
77,42,37,91388.39,10/5/24,Jordan Smith
69,69,20,74012.76,2/6/22,James Jones
19,71,72,89538.3,10/13/20,Jesse Jacobs
79,38,47,94306.6,8/1/21,Gregory Salazar
60,36,51,12533.07,3/22/24,Scott David
53,40,66,38612.96,3/16/22,Thomas Mahoney
20,75,20,51928.41,7/25/23,Nathan Miller
75,75,53,49358.18,9/22/24,John Berry
72,71,27,97279.88,12/21/23,Walter Newman
64,66,68,37038.87,12/18/23,Craig Mcgee
45,26,22,8631.21,8/31/22,Christopher Peterson
38,70,79,26759.47,3/16/22,Mark Daugherty
21,54,57,78638.65,10/29/22,Christopher Peterson
54,66,57,40781.27,6/10/21,Andrew Mitchell
50,63,18,84324.56,9/5/23,Stephen Clark
78,22,77,56739.13,7/11/22,Douglas Whitaker PhD
79,48,56,79227.61,6/16/24,Joe Ramos
45,64,46,89679.78,12/28/21,John Robles
47,25,38,71586.63,6/23/24,Ryan Lloyd
74,25,55,54911.96,12/18/24,Steven Baxter
28,79,32,81750.8,12/25/21,Brian Johnson
53,50,50,46863.76,8/14/21,Jesse Pena
38,26,76,93388.74,11/14/24,Michael Jones
79,60,36,95944.97,9/10/23,Andrew Stevens